ComponentName,StatisticName,StatisticSubId,StatisticType,SimTime,Rank,Sum.u64,SumSQ.u64,Count.u64,Sum.f64,SumSQ.f64
L3cache,TotalEventsReceived,,Accumulator,144161750,0,11907,11907,11907,0,0
L3cache,TotalEventsReplayed,,Accumulator,144161750,0,0,0,0,0,0
L3cache,TotalNoncacheableEventsReceived,,Accumulator,144161750,0,0,0,0,0,0
L3cache,CacheHits,,Accumulator,144161750,0,11,11,11,0,0
L3cache,GetSHit_Arrival,,Accumulator,144161750,0,10,10,10,0,0
L3cache,GetXHit_Arrival,,Accumulator,144161750,0,1,1,1,0,0
L3cache,GetSXHit_Arrival,,Accumulator,144161750,0,0,0,0,0,0
L3cache,GetSHit_Blocked,,Accumulator,144161750,0,0,0,0,0,0
L3cache,GetXHit_Blocked,,Accumulator,144161750,0,0,0,0,0,0
L3cache,GetSXHit_Blocked,,Accumulator,144161750,0,0,0,0,0,0
L3cache,CacheMisses,,Accumulator,144161750,0,5287,5287,5287,0,0
L3cache,GetSMiss_Arrival,,Accumulator,144161750,0,4270,4270,4270,0,0
L3cache,GetXMiss_Arrival,,Accumulator,144161750,0,1017,1017,1017,0,0
L3cache,GetSXMiss_Arrival,,Accumulator,144161750,0,0,0,0,0,0
L3cache,GetSMiss_Blocked,,Accumulator,144161750,0,0,0,0,0,0
L3cache,GetXMiss_Blocked,,Accumulator,144161750,0,0,0,0,0,0
L3cache,GetSXMiss_Blocked,,Accumulator,144161750,0,0,0,0,0,0
L3cache,GetS_recv,,Accumulator,144161750,0,4280,4280,4280,0,0
L3cache,GetX_recv,,Accumulator,144161750,0,1018,1018,1018,0,0
L3cache,GetSX_recv,,Accumulator,144161750,0,0,0,0,0,0
L3cache,GetSResp_recv,,Accumulator,144161750,0,0,0,0,0,0
L3cache,GetXResp_recv,,Accumulator,144161750,0,5284,5284,5284,0,0
L3cache,PutS_recv,,Accumulator,144161750,0,0,0,0,0,0
L3cache,PutM_recv,,Accumulator,144161750,0,433,433,433,0,0
L3cache,PutE_recv,,Accumulator,144161750,0,892,892,892,0,0
L3cache,FetchInv_recv,,Accumulator,144161750,0,0,0,0,0,0
L3cache,FetchInvX_recv,,Accumulator,144161750,0,0,0,0,0,0
L3cache,Inv_recv,,Accumulator,144161750,0,0,0,0,0,0
L3cache,NACK_recv,,Accumulator,144161750,0,0,0,0,0,0
L3cache,MSHR_occupancy,,Accumulator,144161750,0,4235715,44885417,576461,0,0
L3cache,evict_I,,Accumulator,144161750,0,0,0,0,0,0
L3cache,evict_E,,Accumulator,144161750,0,0,0,0,0,0
L3cache,evict_M,,Accumulator,144161750,0,0,0,0,0,0
L3cache,evict_IS,,Accumulator,144161750,0,0,0,0,0,0
L3cache,evict_IM,,Accumulator,144161750,0,0,0,0,0,0
L3cache,evict_IB,,Accumulator,144161750,0,0,0,0,0,0
L3cache,evict_SB,,Accumulator,144161750,0,0,0,0,0,0
L3cache,latency_GetS_IS,,Accumulator,144161750,0,3220216,6933337860,4267,0,0
L3cache,latency_GetS_M,,Accumulator,144161750,0,0,0,0,0,0
L3cache,latency_GetX_IM,,Accumulator,144161750,0,1014850,2116654892,1017,0,0
L3cache,latency_GetX_SM,,Accumulator,144161750,0,0,0,0,0,0
L3cache,latency_GetX_M,,Accumulator,144161750,0,0,0,0,0,0
L3cache,latency_GetSX_IM,,Accumulator,144161750,0,0,0,0,0,0
L3cache,latency_GetSX_SM,,Accumulator,144161750,0,0,0,0,0,0
L3cache,latency_GetSX_M,,Accumulator,144161750,0,0,0,0,0,0
L3cache,evict_S,,Accumulator,144161750,0,0,0,0,0,0
L3cache,evict_SM,,Accumulator,144161750,0,0,0,0,0,0
L3cache,evict_SInv,,Accumulator,144161750,0,0,0,0,0,0
L3cache,evict_MInv,,Accumulator,144161750,0,0,0,0,0,0
L3cache,evict_SMInv,,Accumulator,144161750,0,0,0,0,0,0
L3cache,evict_MInvX,,Accumulator,144161750,0,0,0,0,0,0
L3cache,evict_SI,,Accumulator,144161750,0,0,0,0,0,0
L3cache,stateEvent_GetS_I,,Accumulator,144161750,0,4270,4270,4270,0,0
L3cache,stateEvent_GetS_S,,Accumulator,144161750,0,0,0,0,0,0
L3cache,stateEvent_GetS_M,,Accumulator,144161750,0,1,1,1,0,0
L3cache,stateEvent_GetX_I,,Accumulator,144161750,0,1017,1017,1017,0,0
L3cache,stateEvent_GetX_S,,Accumulator,144161750,0,0,0,0,0,0
L3cache,stateEvent_GetX_M,,Accumulator,144161750,0,1,1,1,0,0
L3cache,stateEvent_GetSX_I,,Accumulator,144161750,0,0,0,0,0,0
L3cache,stateEvent_GetSX_S,,Accumulator,144161750,0,0,0,0,0,0
L3cache,stateEvent_GetSX_M,,Accumulator,144161750,0,0,0,0,0,0
L3cache,stateEvent_GetSResp_IS,,Accumulator,144161750,0,0,0,0,0,0
L3cache,stateEvent_GetXResp_IS,,Accumulator,144161750,0,4267,4267,4267,0,0
L3cache,stateEvent_GetXResp_IM,,Accumulator,144161750,0,1017,1017,1017,0,0
L3cache,stateEvent_GetXResp_SM,,Accumulator,144161750,0,0,0,0,0,0
L3cache,stateEvent_GetXResp_SMInv,,Accumulator,144161750,0,0,0,0,0,0
L3cache,stateEvent_PutS_I,,Accumulator,144161750,0,0,0,0,0,0
L3cache,stateEvent_PutS_S,,Accumulator,144161750,0,0,0,0,0,0
L3cache,stateEvent_PutS_M,,Accumulator,144161750,0,0,0,0,0,0
L3cache,stateEvent_PutS_MInv,,Accumulator,144161750,0,0,0,0,0,0
L3cache,stateEvent_PutS_SInv,,Accumulator,144161750,0,0,0,0,0,0
L3cache,stateEvent_PutS_SMInv,,Accumulator,144161750,0,0,0,0,0,0
L3cache,stateEvent_PutS_MI,,Accumulator,144161750,0,0,0,0,0,0
L3cache,stateEvent_PutS_SI,,Accumulator,144161750,0,0,0,0,0,0
L3cache,stateEvent_PutS_IB,,Accumulator,144161750,0,0,0,0,0,0
L3cache,stateEvent_PutS_SB,,Accumulator,144161750,0,0,0,0,0,0
L3cache,stateEvent_PutS_SBInv,,Accumulator,144161750,0,0,0,0,0,0
L3cache,stateEvent_PutM_I,,Accumulator,144161750,0,0,0,0,0,0
L3cache,stateEvent_PutM_M,,Accumulator,144161750,0,402,402,402,0,0
L3cache,stateEvent_PutM_MInv,,Accumulator,144161750,0,0,0,0,0,0
L3cache,stateEvent_PutM_MInvX,,Accumulator,144161750,0,0,0,0,0,0
L3cache,stateEvent_PutM_MI,,Accumulator,144161750,0,0,0,0,0,0
L3cache,stateEvent_Inv_I,,Accumulator,144161750,0,0,0,0,0,0
L3cache,stateEvent_Inv_S,,Accumulator,144161750,0,0,0,0,0,0
L3cache,stateEvent_Inv_IS,,Accumulator,144161750,0,0,0,0,0,0
L3cache,stateEvent_Inv_IM,,Accumulator,144161750,0,0,0,0,0,0
L3cache,stateEvent_Inv_SM,,Accumulator,144161750,0,0,0,0,0,0
L3cache,stateEvent_Inv_SInv,,Accumulator,144161750,0,0,0,0,0,0
L3cache,stateEvent_Inv_SMInv,,Accumulator,144161750,0,0,0,0,0,0
L3cache,stateEvent_Inv_SI,,Accumulator,144161750,0,0,0,0,0,0
L3cache,stateEvent_Inv_SB,,Accumulator,144161750,0,0,0,0,0,0
L3cache,stateEvent_Inv_IB,,Accumulator,144161750,0,0,0,0,0,0
L3cache,stateEvent_FetchInvX_I,,Accumulator,144161750,0,0,0,0,0,0
L3cache,stateEvent_FetchInvX_M,,Accumulator,144161750,0,0,0,0,0,0
L3cache,stateEvent_FetchInvX_IS,,Accumulator,144161750,0,0,0,0,0,0
L3cache,stateEvent_FetchInvX_IM,,Accumulator,144161750,0,0,0,0,0,0
L3cache,stateEvent_FetchInvX_MInv,,Accumulator,144161750,0,0,0,0,0,0
L3cache,stateEvent_FetchInvX_MInvX,,Accumulator,144161750,0,0,0,0,0,0
L3cache,stateEvent_FetchInvX_MI,,Accumulator,144161750,0,0,0,0,0,0
L3cache,stateEvent_FetchInvX_IB,,Accumulator,144161750,0,0,0,0,0,0
L3cache,stateEvent_FetchInvX_SB,,Accumulator,144161750,0,0,0,0,0,0
L3cache,stateEvent_Fetch_I,,Accumulator,144161750,0,0,0,0,0,0
L3cache,stateEvent_Fetch_S,,Accumulator,144161750,0,0,0,0,0,0
L3cache,stateEvent_Fetch_IS,,Accumulator,144161750,0,0,0,0,0,0
L3cache,stateEvent_Fetch_IM,,Accumulator,144161750,0,0,0,0,0,0
L3cache,stateEvent_Fetch_SM,,Accumulator,144161750,0,0,0,0,0,0
L3cache,stateEvent_Fetch_SInv,,Accumulator,144161750,0,0,0,0,0,0
L3cache,stateEvent_Fetch_SI,,Accumulator,144161750,0,0,0,0,0,0
L3cache,stateEvent_Fetch_IB,,Accumulator,144161750,0,0,0,0,0,0
L3cache,stateEvent_Fetch_SB,,Accumulator,144161750,0,0,0,0,0,0
L3cache,stateEvent_FetchInv_I,,Accumulator,144161750,0,0,0,0,0,0
L3cache,stateEvent_FetchInv_S,,Accumulator,144161750,0,0,0,0,0,0
L3cache,stateEvent_FetchInv_M,,Accumulator,144161750,0,0,0,0,0,0
L3cache,stateEvent_FetchInv_IS,,Accumulator,144161750,0,0,0,0,0,0
L3cache,stateEvent_FetchInv_IM,,Accumulator,144161750,0,0,0,0,0,0
L3cache,stateEvent_FetchInv_SM,,Accumulator,144161750,0,0,0,0,0,0
L3cache,stateEvent_FetchInv_MInv,,Accumulator,144161750,0,0,0,0,0,0
L3cache,stateEvent_FetchInv_MInvX,,Accumulator,144161750,0,0,0,0,0,0
L3cache,stateEvent_FetchInv_SInv,,Accumulator,144161750,0,0,0,0,0,0
L3cache,stateEvent_FetchInv_MI,,Accumulator,144161750,0,0,0,0,0,0
L3cache,stateEvent_FetchInv_IB,,Accumulator,144161750,0,0,0,0,0,0
L3cache,stateEvent_FetchInv_SB,,Accumulator,144161750,0,0,0,0,0,0
L3cache,stateEvent_FetchResp_I,,Accumulator,144161750,0,0,0,0,0,0
L3cache,stateEvent_FetchResp_MInv,,Accumulator,144161750,0,0,0,0,0,0
L3cache,stateEvent_FetchResp_MInvX,,Accumulator,144161750,0,0,0,0,0,0
L3cache,stateEvent_FetchResp_MI,,Accumulator,144161750,0,0,0,0,0,0
L3cache,stateEvent_FetchXResp_I,,Accumulator,144161750,0,0,0,0,0,0
L3cache,stateEvent_FetchXResp_MInv,,Accumulator,144161750,0,0,0,0,0,0
L3cache,stateEvent_FetchXResp_MInvX,,Accumulator,144161750,0,0,0,0,0,0
L3cache,stateEvent_FetchXResp_MI,,Accumulator,144161750,0,0,0,0,0,0
L3cache,stateEvent_AckInv_I,,Accumulator,144161750,0,0,0,0,0,0
L3cache,stateEvent_AckInv_MInv,,Accumulator,144161750,0,0,0,0,0,0
L3cache,stateEvent_AckInv_MInvX,,Accumulator,144161750,0,0,0,0,0,0
L3cache,stateEvent_AckInv_SInv,,Accumulator,144161750,0,0,0,0,0,0
L3cache,stateEvent_AckInv_SMInv,,Accumulator,144161750,0,0,0,0,0,0
L3cache,stateEvent_AckInv_MI,,Accumulator,144161750,0,0,0,0,0,0
L3cache,stateEvent_AckInv_SI,,Accumulator,144161750,0,0,0,0,0,0
L3cache,stateEvent_AckInv_SBInv,,Accumulator,144161750,0,0,0,0,0,0
L3cache,stateEvent_FlushLine_I,,Accumulator,144161750,0,0,0,0,0,0
L3cache,stateEvent_FlushLine_S,,Accumulator,144161750,0,0,0,0,0,0
L3cache,stateEvent_FlushLine_M,,Accumulator,144161750,0,0,0,0,0,0
L3cache,stateEvent_FlushLine_IS,,Accumulator,144161750,0,0,0,0,0,0
L3cache,stateEvent_FlushLine_IM,,Accumulator,144161750,0,0,0,0,0,0
L3cache,stateEvent_FlushLine_SM,,Accumulator,144161750,0,0,0,0,0,0
L3cache,stateEvent_FlushLine_MInv,,Accumulator,144161750,0,0,0,0,0,0
L3cache,stateEvent_FlushLine_MInvX,,Accumulator,144161750,0,0,0,0,0,0
L3cache,stateEvent_FlushLine_SInv,,Accumulator,144161750,0,0,0,0,0,0
L3cache,stateEvent_FlushLine_SMInv,,Accumulator,144161750,0,0,0,0,0,0
L3cache,stateEvent_FlushLine_MI,,Accumulator,144161750,0,0,0,0,0,0
L3cache,stateEvent_FlushLine_SI,,Accumulator,144161750,0,0,0,0,0,0
L3cache,stateEvent_FlushLine_IB,,Accumulator,144161750,0,0,0,0,0,0
L3cache,stateEvent_FlushLine_SB,,Accumulator,144161750,0,0,0,0,0,0
L3cache,stateEvent_FlushLineInv_I,,Accumulator,144161750,0,0,0,0,0,0
L3cache,stateEvent_FlushLineInv_S,,Accumulator,144161750,0,0,0,0,0,0
L3cache,stateEvent_FlushLineInv_M,,Accumulator,144161750,0,0,0,0,0,0
L3cache,stateEvent_FlushLineInv_IS,,Accumulator,144161750,0,0,0,0,0,0
L3cache,stateEvent_FlushLineInv_IM,,Accumulator,144161750,0,0,0,0,0,0
L3cache,stateEvent_FlushLineInv_SM,,Accumulator,144161750,0,0,0,0,0,0
L3cache,stateEvent_FlushLineInv_MInv,,Accumulator,144161750,0,0,0,0,0,0
L3cache,stateEvent_FlushLineInv_MInvX,,Accumulator,144161750,0,0,0,0,0,0
L3cache,stateEvent_FlushLineInv_SInv,,Accumulator,144161750,0,0,0,0,0,0
L3cache,stateEvent_FlushLineInv_SMInv,,Accumulator,144161750,0,0,0,0,0,0
L3cache,stateEvent_FlushLineInv_MI,,Accumulator,144161750,0,0,0,0,0,0
L3cache,stateEvent_FlushLineInv_SI,,Accumulator,144161750,0,0,0,0,0,0
L3cache,stateEvent_FlushLineInv_IB,,Accumulator,144161750,0,0,0,0,0,0
L3cache,stateEvent_FlushLineInv_SB,,Accumulator,144161750,0,0,0,0,0,0
L3cache,stateEvent_FlushLineResp_I,,Accumulator,144161750,0,0,0,0,0,0
L3cache,stateEvent_FlushLineResp_IB,,Accumulator,144161750,0,0,0,0,0,0
L3cache,stateEvent_FlushLineResp_SB,,Accumulator,144161750,0,0,0,0,0,0
L3cache,eventSent_GetS,,Accumulator,144161750,0,4270,4270,4270,0,0
L3cache,eventSent_GetX,,Accumulator,144161750,0,1017,1017,1017,0,0
L3cache,eventSent_GetSX,,Accumulator,144161750,0,0,0,0,0,0
L3cache,eventSent_PutS,,Accumulator,144161750,0,0,0,0,0,0
L3cache,eventSent_PutM,,Accumulator,144161750,0,0,0,0,0,0
L3cache,eventSent_FlushLine,,Accumulator,144161750,0,0,0,0,0,0
L3cache,eventSent_FlushLineInv,,Accumulator,144161750,0,0,0,0,0,0
L3cache,eventSent_FetchResp,,Accumulator,144161750,0,0,0,0,0,0
L3cache,eventSent_FetchXResp,,Accumulator,144161750,0,0,0,0,0,0
L3cache,eventSent_AckInv,,Accumulator,144161750,0,0,0,0,0,0
L3cache,eventSent_NACK_down,,Accumulator,144161750,0,0,0,0,0,0
L3cache,eventSent_GetSResp,,Accumulator,144161750,0,0,0,0,0,0
L3cache,eventSent_GetXResp,,Accumulator,144161750,0,5295,5295,5295,0,0
L3cache,eventSent_FlushLineResp,,Accumulator,144161750,0,0,0,0,0,0
L3cache,eventSent_Fetch,,Accumulator,144161750,0,0,0,0,0,0
L3cache,eventSent_FetchInv,,Accumulator,144161750,0,0,0,0,0,0
L3cache,eventSent_FetchInvX,,Accumulator,144161750,0,0,0,0,0,0
L3cache,eventSent_Inv,,Accumulator,144161750,0,0,0,0,0,0
L3cache,eventSent_NACK_up,,Accumulator,144161750,0,0,0,0,0,0
L3cache,stateEvent_AckPut_I,,Accumulator,144161750,0,0,0,0,0,0
L3cache,evict_EInv,,Accumulator,144161750,0,0,0,0,0,0
L3cache,evict_EInvX,,Accumulator,144161750,0,0,0,0,0,0
L3cache,stateEvent_GetS_E,,Accumulator,144161750,0,9,9,9,0,0
L3cache,stateEvent_GetX_E,,Accumulator,144161750,0,0,0,0,0,0
L3cache,stateEvent_GetSX_E,,Accumulator,144161750,0,0,0,0,0,0
L3cache,stateEvent_PutS_E,,Accumulator,144161750,0,0,0,0,0,0
L3cache,stateEvent_PutS_EInv,,Accumulator,144161750,0,0,0,0,0,0
L3cache,stateEvent_PutS_EI,,Accumulator,144161750,0,0,0,0,0,0
L3cache,stateEvent_PutE_I,,Accumulator,144161750,0,0,0,0,0,0
L3cache,stateEvent_PutE_E,,Accumulator,144161750,0,892,892,892,0,0
L3cache,stateEvent_PutE_M,,Accumulator,144161750,0,0,0,0,0,0
L3cache,stateEvent_PutE_MInv,,Accumulator,144161750,0,0,0,0,0,0
L3cache,stateEvent_PutE_MInvX,,Accumulator,144161750,0,0,0,0,0,0
L3cache,stateEvent_PutE_MI,,Accumulator,144161750,0,0,0,0,0,0
L3cache,stateEvent_PutE_EInv,,Accumulator,144161750,0,0,0,0,0,0
L3cache,stateEvent_PutE_EInvX,,Accumulator,144161750,0,0,0,0,0,0
L3cache,stateEvent_PutE_EI,,Accumulator,144161750,0,0,0,0,0,0
L3cache,stateEvent_PutM_E,,Accumulator,144161750,0,31,31,31,0,0
L3cache,stateEvent_PutM_EInv,,Accumulator,144161750,0,0,0,0,0,0
L3cache,stateEvent_PutM_EInvX,,Accumulator,144161750,0,0,0,0,0,0
L3cache,stateEvent_PutM_EI,,Accumulator,144161750,0,0,0,0,0,0
L3cache,stateEvent_FetchInvX_E,,Accumulator,144161750,0,0,0,0,0,0
L3cache,stateEvent_FetchInvX_EInv,,Accumulator,144161750,0,0,0,0,0,0
L3cache,stateEvent_FetchInvX_EInvX,,Accumulator,144161750,0,0,0,0,0,0
L3cache,stateEvent_FetchInvX_EI,,Accumulator,144161750,0,0,0,0,0,0
L3cache,stateEvent_FetchInv_E,,Accumulator,144161750,0,0,0,0,0,0
L3cache,stateEvent_FetchInv_EInv,,Accumulator,144161750,0,0,0,0,0,0
L3cache,stateEvent_FetchInv_EInvX,,Accumulator,144161750,0,0,0,0,0,0
L3cache,stateEvent_FetchInv_EI,,Accumulator,144161750,0,0,0,0,0,0
L3cache,stateEvent_FetchResp_EInv,,Accumulator,144161750,0,0,0,0,0,0
L3cache,stateEvent_FetchResp_EInvX,,Accumulator,144161750,0,0,0,0,0,0
L3cache,stateEvent_FetchResp_EI,,Accumulator,144161750,0,0,0,0,0,0
L3cache,stateEvent_FetchXResp_EInv,,Accumulator,144161750,0,0,0,0,0,0
L3cache,stateEvent_FetchXResp_EInvX,,Accumulator,144161750,0,0,0,0,0,0
L3cache,stateEvent_FetchXResp_EI,,Accumulator,144161750,0,0,0,0,0,0
L3cache,stateEvent_AckInv_EInv,,Accumulator,144161750,0,0,0,0,0,0
L3cache,stateEvent_AckInv_EInvX,,Accumulator,144161750,0,0,0,0,0,0
L3cache,stateEvent_AckInv_EI,,Accumulator,144161750,0,0,0,0,0,0
L3cache,stateEvent_FlushLine_E,,Accumulator,144161750,0,0,0,0,0,0
L3cache,stateEvent_FlushLine_EInv,,Accumulator,144161750,0,0,0,0,0,0
L3cache,stateEvent_FlushLine_EInvX,,Accumulator,144161750,0,0,0,0,0,0
L3cache,stateEvent_FlushLine_EI,,Accumulator,144161750,0,0,0,0,0,0
L3cache,stateEvent_FlushLineInv_E,,Accumulator,144161750,0,0,0,0,0,0
L3cache,stateEvent_FlushLineInv_EInv,,Accumulator,144161750,0,0,0,0,0,0
L3cache,stateEvent_FlushLineInv_EInvX,,Accumulator,144161750,0,0,0,0,0,0
L3cache,stateEvent_FlushLineInv_EI,,Accumulator,144161750,0,0,0,0,0,0
L3cache,eventSent_PutE,,Accumulator,144161750,0,0,0,0,0,0
memh_bridge,readTxnsCompleted,,Accumulator,144161750,0,5284,5284,5284,0,0
memh_bridge,writeTxnsCompleted,,Accumulator,144161750,0,0,0,0,0,0
memh_bridge,readTxnsSent,,Accumulator,144161750,0,5287,5287,5287,0,0
memh_bridge,txnsPerCycle,,Accumulator,144161750,0,0,0,1,0.036653,0.001343
memh_bridge,readTxnsLatency,,Accumulator,144161750,0,1002550,543671800,5284,0,0
memh_bridge,writeTxnsLatency,,Accumulator,144161750,0,0,0,0,0,0
memh_bridge,txnsLatency,,Accumulator,144161750,0,1002550,543671800,5284,0,0
memh_bridge,cycles,,Accumulator,144161750,0,144161,20782393921,1,0,0
MemController0,readTxnsRecvd,,Accumulator,144161750,0,5287,5287,5287,0,0
MemController0,writeTxnsRecvd,,Accumulator,144161750,0,0,0,0,0,0
MemController0,totalTxnsRecvd,,Accumulator,144161750,0,5287,5287,5287,0,0
MemController0,totalQueueingDelay,,Accumulator,144161750,0,986698,537704056,5284,0,0
MemController0,cmdQueueingDelay,,Accumulator,144161750,0,981200,535650394,5284,0,0
MemController0,txnQueueingDelay,,Accumulator,144161750,0,214,238,5284,0,0
MemController0,compRatio,,Accumulator,144161750,0,0,0,1,-nan,-nan
MemController0,rowsize0_cnt,,Accumulator,144161750,0,0,0,1,0,0
MemController0,rowsize25_cnt,,Accumulator,144161750,0,0,0,1,0,0
MemController0,rowsize50_cnt,,Accumulator,144161750,0,0,0,1,0,0
MemController0,rowsize75_cnt,,Accumulator,144161750,0,0,0,1,0,0
MemController0,rowsize100_cnt,,Accumulator,144161750,0,0,0,1,0,0
MemController0,backing_store_miss,,Accumulator,144161750,0,0,0,0,0,0
MemController0,double_rank_access,,Accumulator,144161750,0,0,0,0,0,0
MemController0,single_rank_access,,Accumulator,144161750,0,0,0,0,0,0
MemController0,memzip_metacache_hit,,Accumulator,144161750,0,0,0,0,0,0
MemController0,memzip_metacache_miss,,Accumulator,144161750,0,0,0,0,0,0
MemController0,cacheline_size_50,,Accumulator,144161750,0,0,0,1,0,0
MemController0,cacheline_size_100,,Accumulator,144161750,0,0,0,1,0,0
MemController0,predicted_fail_below50,,Accumulator,144161750,0,0,0,0,0,0
MemController0,predicted_success_above50,,Accumulator,144161750,0,0,0,0,0,0
MemController0,predicted_success_below50,,Accumulator,144161750,0,0,0,0,0,0
MemController0,predicted_fail_above50,,Accumulator,144161750,0,0,0,0,0,0
Dimm0,totalRowHits,,Accumulator,144161750,0,1,1,1,0,0
Dimm0,bankACTsRecvd_0,,Accumulator,144161750,0,257,257,257,0,0
Dimm0,bankREADsRecvd_0,,Accumulator,144161750,0,257,257,257,0,0
Dimm0,bankWRITEsRecvd_0,,Accumulator,144161750,0,0,0,0,0,0
Dimm0,bankPREsRecvd_0,,Accumulator,144161750,0,257,257,257,0,0
Dimm0,bankRowHits_0,,Accumulator,144161750,0,0,0,0,0,0
Dimm0,bankACTsRecvd_1,,Accumulator,144161750,0,174,174,174,0,0
Dimm0,bankREADsRecvd_1,,Accumulator,144161750,0,174,174,174,0,0
Dimm0,bankWRITEsRecvd_1,,Accumulator,144161750,0,0,0,0,0,0
Dimm0,bankPREsRecvd_1,,Accumulator,144161750,0,174,174,174,0,0
Dimm0,bankRowHits_1,,Accumulator,144161750,0,0,0,0,0,0
Dimm0,bankACTsRecvd_2,,Accumulator,144161750,0,102,102,102,0,0
Dimm0,bankREADsRecvd_2,,Accumulator,144161750,0,102,102,102,0,0
Dimm0,bankWRITEsRecvd_2,,Accumulator,144161750,0,0,0,0,0,0
Dimm0,bankPREsRecvd_2,,Accumulator,144161750,0,102,102,102,0,0
Dimm0,bankRowHits_2,,Accumulator,144161750,0,0,0,0,0,0
Dimm0,bankACTsRecvd_3,,Accumulator,144161750,0,268,268,268,0,0
Dimm0,bankREADsRecvd_3,,Accumulator,144161750,0,268,268,268,0,0
Dimm0,bankWRITEsRecvd_3,,Accumulator,144161750,0,0,0,0,0,0
Dimm0,bankPREsRecvd_3,,Accumulator,144161750,0,268,268,268,0,0
Dimm0,bankRowHits_3,,Accumulator,144161750,0,0,0,0,0,0
Dimm0,bankACTsRecvd_4,,Accumulator,144161750,0,404,404,404,0,0
Dimm0,bankREADsRecvd_4,,Accumulator,144161750,0,404,404,404,0,0
Dimm0,bankWRITEsRecvd_4,,Accumulator,144161750,0,0,0,0,0,0
Dimm0,bankPREsRecvd_4,,Accumulator,144161750,0,404,404,404,0,0
Dimm0,bankRowHits_4,,Accumulator,144161750,0,0,0,0,0,0
Dimm0,bankACTsRecvd_5,,Accumulator,144161750,0,237,237,237,0,0
Dimm0,bankREADsRecvd_5,,Accumulator,144161750,0,237,237,237,0,0
Dimm0,bankWRITEsRecvd_5,,Accumulator,144161750,0,0,0,0,0,0
Dimm0,bankPREsRecvd_5,,Accumulator,144161750,0,237,237,237,0,0
Dimm0,bankRowHits_5,,Accumulator,144161750,0,0,0,0,0,0
Dimm0,bankACTsRecvd_6,,Accumulator,144161750,0,161,161,161,0,0
Dimm0,bankREADsRecvd_6,,Accumulator,144161750,0,161,161,161,0,0
Dimm0,bankWRITEsRecvd_6,,Accumulator,144161750,0,0,0,0,0,0
Dimm0,bankPREsRecvd_6,,Accumulator,144161750,0,161,161,161,0,0
Dimm0,bankRowHits_6,,Accumulator,144161750,0,0,0,0,0,0
Dimm0,bankACTsRecvd_7,,Accumulator,144161750,0,216,216,216,0,0
Dimm0,bankREADsRecvd_7,,Accumulator,144161750,0,216,216,216,0,0
Dimm0,bankWRITEsRecvd_7,,Accumulator,144161750,0,0,0,0,0,0
Dimm0,bankPREsRecvd_7,,Accumulator,144161750,0,216,216,216,0,0
Dimm0,bankRowHits_7,,Accumulator,144161750,0,0,0,0,0,0
Dimm0,bankACTsRecvd_8,,Accumulator,144161750,0,222,222,222,0,0
Dimm0,bankREADsRecvd_8,,Accumulator,144161750,0,222,222,222,0,0
Dimm0,bankWRITEsRecvd_8,,Accumulator,144161750,0,0,0,0,0,0
Dimm0,bankPREsRecvd_8,,Accumulator,144161750,0,222,222,222,0,0
Dimm0,bankRowHits_8,,Accumulator,144161750,0,0,0,0,0,0
Dimm0,bankACTsRecvd_9,,Accumulator,144161750,0,219,219,219,0,0
Dimm0,bankREADsRecvd_9,,Accumulator,144161750,0,219,219,219,0,0
Dimm0,bankWRITEsRecvd_9,,Accumulator,144161750,0,0,0,0,0,0
Dimm0,bankPREsRecvd_9,,Accumulator,144161750,0,219,219,219,0,0
Dimm0,bankRowHits_9,,Accumulator,144161750,0,0,0,0,0,0
Dimm0,bankACTsRecvd_10,,Accumulator,144161750,0,128,128,128,0,0
Dimm0,bankREADsRecvd_10,,Accumulator,144161750,0,128,128,128,0,0
Dimm0,bankWRITEsRecvd_10,,Accumulator,144161750,0,0,0,0,0,0
Dimm0,bankPREsRecvd_10,,Accumulator,144161750,0,128,128,128,0,0
Dimm0,bankRowHits_10,,Accumulator,144161750,0,0,0,0,0,0
Dimm0,bankACTsRecvd_11,,Accumulator,144161750,0,101,101,101,0,0
Dimm0,bankREADsRecvd_11,,Accumulator,144161750,0,101,101,101,0,0
Dimm0,bankWRITEsRecvd_11,,Accumulator,144161750,0,0,0,0,0,0
Dimm0,bankPREsRecvd_11,,Accumulator,144161750,0,101,101,101,0,0
Dimm0,bankRowHits_11,,Accumulator,144161750,0,0,0,0,0,0
Dimm0,bankACTsRecvd_12,,Accumulator,144161750,0,101,101,101,0,0
Dimm0,bankREADsRecvd_12,,Accumulator,144161750,0,101,101,101,0,0
Dimm0,bankWRITEsRecvd_12,,Accumulator,144161750,0,0,0,0,0,0
Dimm0,bankPREsRecvd_12,,Accumulator,144161750,0,101,101,101,0,0
Dimm0,bankRowHits_12,,Accumulator,144161750,0,0,0,0,0,0
Dimm0,bankACTsRecvd_13,,Accumulator,144161750,0,63,63,63,0,0
Dimm0,bankREADsRecvd_13,,Accumulator,144161750,0,63,63,63,0,0
Dimm0,bankWRITEsRecvd_13,,Accumulator,144161750,0,0,0,0,0,0
Dimm0,bankPREsRecvd_13,,Accumulator,144161750,0,63,63,63,0,0
Dimm0,bankRowHits_13,,Accumulator,144161750,0,1,1,1,0,0
Dimm0,bankACTsRecvd_14,,Accumulator,144161750,0,284,284,284,0,0
Dimm0,bankREADsRecvd_14,,Accumulator,144161750,0,284,284,284,0,0
Dimm0,bankWRITEsRecvd_14,,Accumulator,144161750,0,0,0,0,0,0
Dimm0,bankPREsRecvd_14,,Accumulator,144161750,0,284,284,284,0,0
Dimm0,bankRowHits_14,,Accumulator,144161750,0,0,0,0,0,0
Dimm0,bankACTsRecvd_15,,Accumulator,144161750,0,219,219,219,0,0
Dimm0,bankREADsRecvd_15,,Accumulator,144161750,0,219,219,219,0,0
Dimm0,bankWRITEsRecvd_15,,Accumulator,144161750,0,0,0,0,0,0
Dimm0,bankPREsRecvd_15,,Accumulator,144161750,0,219,219,219,0,0
Dimm0,bankRowHits_15,,Accumulator,144161750,0,0,0,0,0,0
Dimm0,bankACTsRecvd_16,,Accumulator,144161750,0,224,224,224,0,0
Dimm0,bankREADsRecvd_16,,Accumulator,144161750,0,224,224,224,0,0
Dimm0,bankWRITEsRecvd_16,,Accumulator,144161750,0,0,0,0,0,0
Dimm0,bankPREsRecvd_16,,Accumulator,144161750,0,224,224,224,0,0
Dimm0,bankRowHits_16,,Accumulator,144161750,0,0,0,0,0,0
Dimm0,bankACTsRecvd_17,,Accumulator,144161750,0,214,214,214,0,0
Dimm0,bankREADsRecvd_17,,Accumulator,144161750,0,214,214,214,0,0
Dimm0,bankWRITEsRecvd_17,,Accumulator,144161750,0,0,0,0,0,0
Dimm0,bankPREsRecvd_17,,Accumulator,144161750,0,214,214,214,0,0
Dimm0,bankRowHits_17,,Accumulator,144161750,0,0,0,0,0,0
Dimm0,bankACTsRecvd_18,,Accumulator,144161750,0,75,75,75,0,0
Dimm0,bankREADsRecvd_18,,Accumulator,144161750,0,75,75,75,0,0
Dimm0,bankWRITEsRecvd_18,,Accumulator,144161750,0,0,0,0,0,0
Dimm0,bankPREsRecvd_18,,Accumulator,144161750,0,75,75,75,0,0
Dimm0,bankRowHits_18,,Accumulator,144161750,0,0,0,0,0,0
Dimm0,bankACTsRecvd_19,,Accumulator,144161750,0,98,98,98,0,0
Dimm0,bankREADsRecvd_19,,Accumulator,144161750,0,98,98,98,0,0
Dimm0,bankWRITEsRecvd_19,,Accumulator,144161750,0,0,0,0,0,0
Dimm0,bankPREsRecvd_19,,Accumulator,144161750,0,98,98,98,0,0
Dimm0,bankRowHits_19,,Accumulator,144161750,0,0,0,0,0,0
Dimm0,bankACTsRecvd_20,,Accumulator,144161750,0,162,162,162,0,0
Dimm0,bankREADsRecvd_20,,Accumulator,144161750,0,162,162,162,0,0
Dimm0,bankWRITEsRecvd_20,,Accumulator,144161750,0,0,0,0,0,0
Dimm0,bankPREsRecvd_20,,Accumulator,144161750,0,162,162,162,0,0
Dimm0,bankRowHits_20,,Accumulator,144161750,0,0,0,0,0,0
Dimm0,bankACTsRecvd_21,,Accumulator,144161750,0,68,68,68,0,0
Dimm0,bankREADsRecvd_21,,Accumulator,144161750,0,68,68,68,0,0
Dimm0,bankWRITEsRecvd_21,,Accumulator,144161750,0,0,0,0,0,0
Dimm0,bankPREsRecvd_21,,Accumulator,144161750,0,68,68,68,0,0
Dimm0,bankRowHits_21,,Accumulator,144161750,0,0,0,0,0,0
Dimm0,bankACTsRecvd_22,,Accumulator,144161750,0,45,45,45,0,0
Dimm0,bankREADsRecvd_22,,Accumulator,144161750,0,45,45,45,0,0
Dimm0,bankWRITEsRecvd_22,,Accumulator,144161750,0,0,0,0,0,0
Dimm0,bankPREsRecvd_22,,Accumulator,144161750,0,45,45,45,0,0
Dimm0,bankRowHits_22,,Accumulator,144161750,0,0,0,0,0,0
Dimm0,bankACTsRecvd_23,,Accumulator,144161750,0,182,182,182,0,0
Dimm0,bankREADsRecvd_23,,Accumulator,144161750,0,182,182,182,0,0
Dimm0,bankWRITEsRecvd_23,,Accumulator,144161750,0,0,0,0,0,0
Dimm0,bankPREsRecvd_23,,Accumulator,144161750,0,182,182,182,0,0
Dimm0,bankRowHits_23,,Accumulator,144161750,0,0,0,0,0,0
Dimm0,bankACTsRecvd_24,,Accumulator,144161750,0,160,160,160,0,0
Dimm0,bankREADsRecvd_24,,Accumulator,144161750,0,160,160,160,0,0
Dimm0,bankWRITEsRecvd_24,,Accumulator,144161750,0,0,0,0,0,0
Dimm0,bankPREsRecvd_24,,Accumulator,144161750,0,160,160,160,0,0
Dimm0,bankRowHits_24,,Accumulator,144161750,0,0,0,0,0,0
Dimm0,bankACTsRecvd_25,,Accumulator,144161750,0,122,122,122,0,0
Dimm0,bankREADsRecvd_25,,Accumulator,144161750,0,122,122,122,0,0
Dimm0,bankWRITEsRecvd_25,,Accumulator,144161750,0,0,0,0,0,0
Dimm0,bankPREsRecvd_25,,Accumulator,144161750,0,122,122,122,0,0
Dimm0,bankRowHits_25,,Accumulator,144161750,0,0,0,0,0,0
Dimm0,bankACTsRecvd_26,,Accumulator,144161750,0,238,238,238,0,0
Dimm0,bankREADsRecvd_26,,Accumulator,144161750,0,238,238,238,0,0
Dimm0,bankWRITEsRecvd_26,,Accumulator,144161750,0,0,0,0,0,0
Dimm0,bankPREsRecvd_26,,Accumulator,144161750,0,238,238,238,0,0
Dimm0,bankRowHits_26,,Accumulator,144161750,0,0,0,0,0,0
Dimm0,bankACTsRecvd_27,,Accumulator,144161750,0,190,190,190,0,0
Dimm0,bankREADsRecvd_27,,Accumulator,144161750,0,190,190,190,0,0
Dimm0,bankWRITEsRecvd_27,,Accumulator,144161750,0,0,0,0,0,0
Dimm0,bankPREsRecvd_27,,Accumulator,144161750,0,190,190,190,0,0
Dimm0,bankRowHits_27,,Accumulator,144161750,0,0,0,0,0,0
Dimm0,bankACTsRecvd_28,,Accumulator,144161750,0,20,20,20,0,0
Dimm0,bankREADsRecvd_28,,Accumulator,144161750,0,20,20,20,0,0
Dimm0,bankWRITEsRecvd_28,,Accumulator,144161750,0,0,0,0,0,0
Dimm0,bankPREsRecvd_28,,Accumulator,144161750,0,20,20,20,0,0
Dimm0,bankRowHits_28,,Accumulator,144161750,0,0,0,0,0,0
Dimm0,bankACTsRecvd_29,,Accumulator,144161750,0,90,90,90,0,0
Dimm0,bankREADsRecvd_29,,Accumulator,144161750,0,90,90,90,0,0
Dimm0,bankWRITEsRecvd_29,,Accumulator,144161750,0,0,0,0,0,0
Dimm0,bankPREsRecvd_29,,Accumulator,144161750,0,90,90,90,0,0
Dimm0,bankRowHits_29,,Accumulator,144161750,0,0,0,0,0,0
Dimm0,bankACTsRecvd_30,,Accumulator,144161750,0,117,117,117,0,0
Dimm0,bankREADsRecvd_30,,Accumulator,144161750,0,117,117,117,0,0
Dimm0,bankWRITEsRecvd_30,,Accumulator,144161750,0,0,0,0,0,0
Dimm0,bankPREsRecvd_30,,Accumulator,144161750,0,117,117,117,0,0
Dimm0,bankRowHits_30,,Accumulator,144161750,0,0,0,0,0,0
Dimm0,bankACTsRecvd_31,,Accumulator,144161750,0,124,124,124,0,0
Dimm0,bankREADsRecvd_31,,Accumulator,144161750,0,123,123,123,0,0
Dimm0,bankWRITEsRecvd_31,,Accumulator,144161750,0,0,0,0,0,0
Dimm0,bankPREsRecvd_31,,Accumulator,144161750,0,123,123,123,0,0
Dimm0,bankRowHits_31,,Accumulator,144161750,0,0,0,0,0,0
Dimm0,actCmdsRecvd,,Accumulator,144161750,0,5285,5285,5285,0,0
Dimm0,readCmdsRecvd,,Accumulator,144161750,0,5284,5284,5284,0,0
Dimm0,readACmdsRecvd,,Accumulator,144161750,0,0,0,0,0,0
Dimm0,writeCmdsRecvd,,Accumulator,144161750,0,0,0,0,0,0
Dimm0,writeACmdsRecvd,,Accumulator,144161750,0,0,0,0,0,0
Dimm0,preCmdsRecvd,,Accumulator,144161750,0,5284,5284,5284,0,0
Dimm0,refCmdsRecvd,,Accumulator,144161750,0,0,0,0,0,0
Dimm0,actCmdsMetaRecvd,,Accumulator,144161750,0,0,0,0,0,0
Dimm0,readCmdsMetaRecvd,,Accumulator,144161750,0,0,0,0,0,0
Dimm0,writeCmdsMetaRecvd,,Accumulator,144161750,0,0,0,0,0,0
Dimm0,preCmdsMetaRecvd,,Accumulator,144161750,0,0,0,0,0,0
Dimm0,actprePower,,Accumulator,144161750,0,0,0,1,-14.781474,218.491972
Dimm0,readPower,,Accumulator,144161750,0,0,0,1,67.559667,4564.308636
Dimm0,writePower,,Accumulator,144161750,0,0,0,1,0.000000,0.000000
Dimm0,refPower,,Accumulator,144161750,0,0,0,1,0.000000,0.000000
Dimm0,totalPower,,Accumulator,144161750,0,0,0,1,724.778193,525303.429465
Dimm0,totalEnergy,,Accumulator,144161750,0,0,0,1,104484749.122498,10917062799191254.000000
A0,tlb_hits,,Accumulator,144161750,0,92046,92046,92046,0,0
A0,tlb_evicts,,Accumulator,144161750,0,230902,230902,230902,0,0
A0,tlb_translate_queries,,Accumulator,144161750,0,327203,327203,327203,0,0
A0,tlb_shootdown,,Accumulator,144161750,0,0,0,0,0,0
A0,tlb_page_allocs,,Accumulator,144161750,0,159,159,159,0,0
A0,read_requests,0,Accumulator,144161750,0,241935,241935,241935,0,0
A0,write_requests,0,Accumulator,144161750,0,85070,85070,85070,0,0
A0,read_request_sizes,0,Accumulator,144161750,0,1167620,8172732,241935,0,0
A0,write_request_sizes,0,Accumulator,144161750,0,627883,4817873,85070,0,0
A0,split_read_requests,0,Accumulator,144161750,0,22,22,22,0,0
A0,split_write_requests,0,Accumulator,144161750,0,17,17,17,0,0
A0,no_ops,0,Accumulator,144161750,0,673019,673019,673019,0,0
A0,instruction_count,0,Accumulator,144161750,0,1000024,1000024,1000024,0,0
A0,memory_queue_full,0,Accumulator,144161750,0,344873,344873,344873,0,0
A0,cycles,0,Accumulator,144161750,0,576646,576646,576646,0,0
A0,fp_sp_ins,0,Accumulator,144161750,0,0,0,0,0,0
A0,fp_dp_ins,0,Accumulator,144161750,0,0,0,0,0,0
A0,fp_sp_simd_ins,0,Accumulator,144161750,0,0,0,0,0,0
A0,fp_dp_simd_ins,0,Accumulator,144161750,0,0,0,0,0,0
A0,fp_sp_scalar_ins,0,Accumulator,144161750,0,0,0,0,0,0
A0,fp_dp_scalar_ins,0,Accumulator,144161750,0,0,0,0,0,0
A0,fp_sp_ops,0,Accumulator,144161750,0,0,0,0,0,0
A0,fp_dp_ops,0,Accumulator,144161750,0,0,0,0,0,0
l1cache_0,TotalEventsReceived,,Accumulator,144161750,0,338444,338444,338444,0,0
l1cache_0,TotalEventsReplayed,,Accumulator,144161750,0,47519,47519,47519,0,0
l1cache_0,TotalNoncacheableEventsReceived,,Accumulator,144161750,0,0,0,0,0,0
l1cache_0,CacheHits,,Accumulator,144161750,0,316597,316597,316597,0,0
l1cache_0,GetSHit_Arrival,,Accumulator,144161750,0,188758,188758,188758,0,0
l1cache_0,GetXHit_Arrival,,Accumulator,144161750,0,80486,80486,80486,0,0
l1cache_0,GetSXHit_Arrival,,Accumulator,144161750,0,0,0,0,0,0
l1cache_0,GetSHit_Blocked,,Accumulator,144161750,0,44356,44356,44356,0,0
l1cache_0,GetXHit_Blocked,,Accumulator,144161750,0,2997,2997,2997,0,0
l1cache_0,GetSXHit_Blocked,,Accumulator,144161750,0,0,0,0,0,0
l1cache_0,CacheMisses,,Accumulator,144161750,0,10399,10399,10399,0,0
l1cache_0,GetSMiss_Arrival,,Accumulator,144161750,0,8784,8784,8784,0,0
l1cache_0,GetXMiss_Arrival,,Accumulator,144161750,0,1603,1603,1603,0,0
l1cache_0,GetSXMiss_Arrival,,Accumulator,144161750,0,0,0,0,0,0
l1cache_0,GetSMiss_Blocked,,Accumulator,144161750,0,11,11,11,0,0
l1cache_0,GetXMiss_Blocked,,Accumulator,144161750,0,1,1,1,0,0
l1cache_0,GetSXMiss_Blocked,,Accumulator,144161750,0,0,0,0,0,0
l1cache_0,GetS_recv,,Accumulator,144161750,0,241955,241955,241955,0,0
l1cache_0,GetX_recv,,Accumulator,144161750,0,85087,85087,85087,0,0
l1cache_0,GetSX_recv,,Accumulator,144161750,0,0,0,0,0,0
l1cache_0,GetSResp_recv,,Accumulator,144161750,0,0,0,0,0,0
l1cache_0,GetXResp_recv,,Accumulator,144161750,0,10396,10396,10396,0,0
l1cache_0,PutS_recv,,Accumulator,144161750,0,0,0,0,0,0
l1cache_0,PutM_recv,,Accumulator,144161750,0,0,0,0,0,0
l1cache_0,PutE_recv,,Accumulator,144161750,0,0,0,0,0,0
l1cache_0,FetchInv_recv,,Accumulator,144161750,0,0,0,0,0,0
l1cache_0,FetchInvX_recv,,Accumulator,144161750,0,0,0,0,0,0
l1cache_0,Inv_recv,,Accumulator,144161750,0,0,0,0,0,0
l1cache_0,NACK_recv,,Accumulator,144161750,0,1006,1006,1006,0,0
l1cache_0,MSHR_occupancy,,Accumulator,144161750,0,28676521,1650245679,576647,0,0
l1cache_0,evict_I,,Accumulator,144161750,0,0,0,0,0,0
l1cache_0,evict_E,,Accumulator,144161750,0,8499,8499,8499,0,0
l1cache_0,evict_M,,Accumulator,144161750,0,1772,1772,1772,0,0
l1cache_0,evict_IS,,Accumulator,144161750,0,0,0,0,0,0
l1cache_0,evict_IM,,Accumulator,144161750,0,0,0,0,0,0
l1cache_0,evict_IB,,Accumulator,144161750,0,0,0,0,0,0
l1cache_0,evict_SB,,Accumulator,144161750,0,0,0,0,0,0
l1cache_0,latency_GetS_IS,,Accumulator,144161750,0,3554781,8170628101,8792,0,0
l1cache_0,latency_GetS_M,,Accumulator,144161750,0,0,0,0,0,0
l1cache_0,latency_GetX_IM,,Accumulator,144161750,0,1087603,2342393263,1604,0,0
l1cache_0,latency_GetX_SM,,Accumulator,144161750,0,0,0,0,0,0
l1cache_0,latency_GetX_M,,Accumulator,144161750,0,0,0,0,0,0
l1cache_0,latency_GetSX_IM,,Accumulator,144161750,0,0,0,0,0,0
l1cache_0,latency_GetSX_SM,,Accumulator,144161750,0,0,0,0,0,0
l1cache_0,latency_GetSX_M,,Accumulator,144161750,0,0,0,0,0,0
l1cache_0,EventStalledForLockedCacheline,,Accumulator,144161750,0,0,0,0,0,0
l1cache_0,evict_S,,Accumulator,144161750,0,0,0,0,0,0
l1cache_0,evict_SM,,Accumulator,144161750,0,0,0,0,0,0
l1cache_0,stateEvent_GetS_I,,Accumulator,144161750,0,8795,8795,8795,0,0
l1cache_0,stateEvent_GetS_S,,Accumulator,144161750,0,0,0,0,0,0
l1cache_0,stateEvent_GetS_M,,Accumulator,144161750,0,78007,78007,78007,0,0
l1cache_0,stateEvent_GetX_I,,Accumulator,144161750,0,1604,1604,1604,0,0
l1cache_0,stateEvent_GetX_S,,Accumulator,144161750,0,0,0,0,0,0
l1cache_0,stateEvent_GetX_M,,Accumulator,144161750,0,83293,83293,83293,0,0
l1cache_0,stateEvent_GetSX_I,,Accumulator,144161750,0,0,0,0,0,0
l1cache_0,stateEvent_GetSX_S,,Accumulator,144161750,0,0,0,0,0,0
l1cache_0,stateEvent_GetSX_M,,Accumulator,144161750,0,0,0,0,0,0
l1cache_0,stateEvent_GetSResp_IS,,Accumulator,144161750,0,0,0,0,0,0
l1cache_0,stateEvent_GetXResp_IS,,Accumulator,144161750,0,8792,8792,8792,0,0
l1cache_0,stateEvent_GetXResp_IM,,Accumulator,144161750,0,1604,1604,1604,0,0
l1cache_0,stateEvent_GetXResp_SM,,Accumulator,144161750,0,0,0,0,0,0
l1cache_0,stateEvent_Inv_I,,Accumulator,144161750,0,0,0,0,0,0
l1cache_0,stateEvent_Inv_S,,Accumulator,144161750,0,0,0,0,0,0
l1cache_0,stateEvent_Inv_IS,,Accumulator,144161750,0,0,0,0,0,0
l1cache_0,stateEvent_Inv_IM,,Accumulator,144161750,0,0,0,0,0,0
l1cache_0,stateEvent_Inv_SM,,Accumulator,144161750,0,0,0,0,0,0
l1cache_0,stateEvent_Inv_SB,,Accumulator,144161750,0,0,0,0,0,0
l1cache_0,stateEvent_Inv_IB,,Accumulator,144161750,0,0,0,0,0,0
l1cache_0,stateEvent_FetchInvX_I,,Accumulator,144161750,0,0,0,0,0,0
l1cache_0,stateEvent_FetchInvX_M,,Accumulator,144161750,0,0,0,0,0,0
l1cache_0,stateEvent_FetchInvX_IS,,Accumulator,144161750,0,0,0,0,0,0
l1cache_0,stateEvent_FetchInvX_IM,,Accumulator,144161750,0,0,0,0,0,0
l1cache_0,stateEvent_FetchInvX_SB,,Accumulator,144161750,0,0,0,0,0,0
l1cache_0,stateEvent_FetchInvX_IB,,Accumulator,144161750,0,0,0,0,0,0
l1cache_0,stateEvent_Fetch_I,,Accumulator,144161750,0,0,0,0,0,0
l1cache_0,stateEvent_Fetch_S,,Accumulator,144161750,0,0,0,0,0,0
l1cache_0,stateEvent_Fetch_IS,,Accumulator,144161750,0,0,0,0,0,0
l1cache_0,stateEvent_Fetch_IM,,Accumulator,144161750,0,0,0,0,0,0
l1cache_0,stateEvent_Fetch_SM,,Accumulator,144161750,0,0,0,0,0,0
l1cache_0,stateEvent_Fetch_IB,,Accumulator,144161750,0,0,0,0,0,0
l1cache_0,stateEvent_Fetch_SB,,Accumulator,144161750,0,0,0,0,0,0
l1cache_0,stateEvent_FetchInv_I,,Accumulator,144161750,0,0,0,0,0,0
l1cache_0,stateEvent_FetchInv_S,,Accumulator,144161750,0,0,0,0,0,0
l1cache_0,stateEvent_FetchInv_M,,Accumulator,144161750,0,0,0,0,0,0
l1cache_0,stateEvent_FetchInv_IS,,Accumulator,144161750,0,0,0,0,0,0
l1cache_0,stateEvent_FetchInv_IM,,Accumulator,144161750,0,0,0,0,0,0
l1cache_0,stateEvent_FetchInv_SM,,Accumulator,144161750,0,0,0,0,0,0
l1cache_0,stateEvent_FetchInv_SB,,Accumulator,144161750,0,0,0,0,0,0
l1cache_0,stateEvent_FetchInv_IB,,Accumulator,144161750,0,0,0,0,0,0
l1cache_0,stateEvent_FlushLine_I,,Accumulator,144161750,0,0,0,0,0,0
l1cache_0,stateEvent_FlushLine_S,,Accumulator,144161750,0,0,0,0,0,0
l1cache_0,stateEvent_FlushLine_M,,Accumulator,144161750,0,0,0,0,0,0
l1cache_0,stateEvent_FlushLine_IS,,Accumulator,144161750,0,0,0,0,0,0
l1cache_0,stateEvent_FlushLine_IM,,Accumulator,144161750,0,0,0,0,0,0
l1cache_0,stateEvent_FlushLine_SM,,Accumulator,144161750,0,0,0,0,0,0
l1cache_0,stateEvent_FlushLine_IB,,Accumulator,144161750,0,0,0,0,0,0
l1cache_0,stateEvent_FlushLine_SB,,Accumulator,144161750,0,0,0,0,0,0
l1cache_0,stateEvent_FlushLineInv_I,,Accumulator,144161750,0,0,0,0,0,0
l1cache_0,stateEvent_FlushLineInv_S,,Accumulator,144161750,0,0,0,0,0,0
l1cache_0,stateEvent_FlushLineInv_M,,Accumulator,144161750,0,0,0,0,0,0
l1cache_0,stateEvent_FlushLineInv_IS,,Accumulator,144161750,0,0,0,0,0,0
l1cache_0,stateEvent_FlushLineInv_IM,,Accumulator,144161750,0,0,0,0,0,0
l1cache_0,stateEvent_FlushLineInv_SM,,Accumulator,144161750,0,0,0,0,0,0
l1cache_0,stateEvent_FlushLineInv_IB,,Accumulator,144161750,0,0,0,0,0,0
l1cache_0,stateEvent_FlushLineInv_SB,,Accumulator,144161750,0,0,0,0,0,0
l1cache_0,stateEvent_FlushLineResp_I,,Accumulator,144161750,0,0,0,0,0,0
l1cache_0,stateEvent_FlushLineResp_IB,,Accumulator,144161750,0,0,0,0,0,0
l1cache_0,stateEvent_FlushLineResp_SB,,Accumulator,144161750,0,0,0,0,0,0
l1cache_0,eventSent_GetS,,Accumulator,144161750,0,9442,9442,9442,0,0
l1cache_0,eventSent_GetX,,Accumulator,144161750,0,1963,1963,1963,0,0
l1cache_0,eventSent_GetSX,,Accumulator,144161750,0,0,0,0,0,0
l1cache_0,eventSent_PutM,,Accumulator,144161750,0,1772,1772,1772,0,0
l1cache_0,eventSent_NACK_down,,Accumulator,144161750,0,0,0,0,0,0
l1cache_0,eventSent_FlushLine,,Accumulator,144161750,0,0,0,0,0,0
l1cache_0,eventSent_FlushLineInv,,Accumulator,144161750,0,0,0,0,0,0
l1cache_0,eventSent_FetchResp,,Accumulator,144161750,0,0,0,0,0,0
l1cache_0,eventSent_FetchXResp,,Accumulator,144161750,0,0,0,0,0,0
l1cache_0,eventSent_AckInv,,Accumulator,144161750,0,0,0,0,0,0
l1cache_0,eventSent_GetSResp,,Accumulator,144161750,0,241906,241906,241906,0,0
l1cache_0,eventSent_GetXResp,,Accumulator,144161750,0,85087,85087,85087,0,0
l1cache_0,eventSent_FlushLineResp,,Accumulator,144161750,0,0,0,0,0,0
l1cache_0,stateEvent_AckPut_I,,Accumulator,144161750,0,0,0,0,0,0
l1cache_0,eventSent_PutS,,Accumulator,144161750,0,0,0,0,0,0
l1cache_0,eventSent_PutE,,Accumulator,144161750,0,8499,8499,8499,0,0
l1cache_0,stateEvent_GetS_E,,Accumulator,144161750,0,155107,155107,155107,0,0
l1cache_0,stateEvent_GetX_E,,Accumulator,144161750,0,190,190,190,0,0
l1cache_0,stateEvent_GetSX_E,,Accumulator,144161750,0,0,0,0,0,0
l1cache_0,stateEvent_FlushLine_E,,Accumulator,144161750,0,0,0,0,0,0
l1cache_0,stateEvent_FlushLineInv_E,,Accumulator,144161750,0,0,0,0,0,0
l1cache_0,stateEvent_FetchInv_E,,Accumulator,144161750,0,0,0,0,0,0
l1cache_0,stateEvent_FetchInvX_E,,Accumulator,144161750,0,0,0,0,0,0
l2cache_0,TotalEventsReceived,,Accumulator,144161750,0,26971,26971,26971,0,0
l2cache_0,TotalEventsReplayed,,Accumulator,144161750,0,0,0,0,0,0
l2cache_0,TotalNoncacheableEventsReceived,,Accumulator,144161750,0,0,0,0,0,0
l2cache_0,CacheHits,,Accumulator,144161750,0,5239,5239,5239,0,0
l2cache_0,GetSHit_Arrival,,Accumulator,144161750,0,4595,4595,4595,0,0
l2cache_0,GetXHit_Arrival,,Accumulator,144161750,0,644,644,644,0,0
l2cache_0,GetSXHit_Arrival,,Accumulator,144161750,0,0,0,0,0,0
l2cache_0,GetSHit_Blocked,,Accumulator,144161750,0,0,0,0,0,0
l2cache_0,GetXHit_Blocked,,Accumulator,144161750,0,0,0,0,0,0
l2cache_0,GetSXHit_Blocked,,Accumulator,144161750,0,0,0,0,0,0
l2cache_0,CacheMisses,,Accumulator,144161750,0,5298,5298,5298,0,0
l2cache_0,GetSMiss_Arrival,,Accumulator,144161750,0,4280,4280,4280,0,0
l2cache_0,GetXMiss_Arrival,,Accumulator,144161750,0,1018,1018,1018,0,0
l2cache_0,GetSXMiss_Arrival,,Accumulator,144161750,0,0,0,0,0,0
l2cache_0,GetSMiss_Blocked,,Accumulator,144161750,0,0,0,0,0,0
l2cache_0,GetXMiss_Blocked,,Accumulator,144161750,0,0,0,0,0,0
l2cache_0,GetSXMiss_Blocked,,Accumulator,144161750,0,0,0,0,0,0
l2cache_0,GetS_recv,,Accumulator,144161750,0,9442,9442,9442,0,0
l2cache_0,GetX_recv,,Accumulator,144161750,0,1963,1963,1963,0,0
l2cache_0,GetSX_recv,,Accumulator,144161750,0,0,0,0,0,0
l2cache_0,GetSResp_recv,,Accumulator,144161750,0,0,0,0,0,0
l2cache_0,GetXResp_recv,,Accumulator,144161750,0,5295,5295,5295,0,0
l2cache_0,PutS_recv,,Accumulator,144161750,0,0,0,0,0,0
l2cache_0,PutM_recv,,Accumulator,144161750,0,1772,1772,1772,0,0
l2cache_0,PutE_recv,,Accumulator,144161750,0,8499,8499,8499,0,0
l2cache_0,FetchInv_recv,,Accumulator,144161750,0,0,0,0,0,0
l2cache_0,FetchInvX_recv,,Accumulator,144161750,0,0,0,0,0,0
l2cache_0,Inv_recv,,Accumulator,144161750,0,0,0,0,0,0
l2cache_0,NACK_recv,,Accumulator,144161750,0,0,0,0,0,0
l2cache_0,MSHR_occupancy,,Accumulator,144161750,0,4317065,46025785,576558,0,0
l2cache_0,evict_I,,Accumulator,144161750,0,0,0,0,0,0
l2cache_0,evict_E,,Accumulator,144161750,0,892,892,892,0,0
l2cache_0,evict_M,,Accumulator,144161750,0,433,433,433,0,0
l2cache_0,evict_IS,,Accumulator,144161750,0,0,0,0,0,0
l2cache_0,evict_IM,,Accumulator,144161750,0,0,0,0,0,0
l2cache_0,evict_IB,,Accumulator,144161750,0,0,0,0,0,0
l2cache_0,evict_SB,,Accumulator,144161750,0,0,0,0,0,0
l2cache_0,latency_GetS_IS,,Accumulator,144161750,0,3285823,7032029705,4277,0,0
l2cache_0,latency_GetS_M,,Accumulator,144161750,0,0,0,0,0,0
l2cache_0,latency_GetX_IM,,Accumulator,144161750,0,1030271,2147479821,1018,0,0
l2cache_0,latency_GetX_SM,,Accumulator,144161750,0,0,0,0,0,0
l2cache_0,latency_GetX_M,,Accumulator,144161750,0,0,0,0,0,0
l2cache_0,latency_GetSX_IM,,Accumulator,144161750,0,0,0,0,0,0
l2cache_0,latency_GetSX_SM,,Accumulator,144161750,0,0,0,0,0,0
l2cache_0,latency_GetSX_M,,Accumulator,144161750,0,0,0,0,0,0
l2cache_0,evict_S,,Accumulator,144161750,0,0,0,0,0,0
l2cache_0,evict_SM,,Accumulator,144161750,0,0,0,0,0,0
l2cache_0,evict_SInv,,Accumulator,144161750,0,0,0,0,0,0
l2cache_0,evict_MInv,,Accumulator,144161750,0,0,0,0,0,0
l2cache_0,evict_SMInv,,Accumulator,144161750,0,0,0,0,0,0
l2cache_0,evict_MInvX,,Accumulator,144161750,0,0,0,0,0,0
l2cache_0,evict_SI,,Accumulator,144161750,0,0,0,0,0,0
l2cache_0,stateEvent_GetS_I,,Accumulator,144161750,0,4280,4280,4280,0,0
l2cache_0,stateEvent_GetS_S,,Accumulator,144161750,0,0,0,0,0,0
l2cache_0,stateEvent_GetS_M,,Accumulator,144161750,0,787,787,787,0,0
l2cache_0,stateEvent_GetX_I,,Accumulator,144161750,0,1018,1018,1018,0,0
l2cache_0,stateEvent_GetX_S,,Accumulator,144161750,0,0,0,0,0,0
l2cache_0,stateEvent_GetX_M,,Accumulator,144161750,0,578,578,578,0,0
l2cache_0,stateEvent_GetSX_I,,Accumulator,144161750,0,0,0,0,0,0
l2cache_0,stateEvent_GetSX_S,,Accumulator,144161750,0,0,0,0,0,0
l2cache_0,stateEvent_GetSX_M,,Accumulator,144161750,0,0,0,0,0,0
l2cache_0,stateEvent_GetSResp_IS,,Accumulator,144161750,0,0,0,0,0,0
l2cache_0,stateEvent_GetXResp_IS,,Accumulator,144161750,0,4277,4277,4277,0,0
l2cache_0,stateEvent_GetXResp_IM,,Accumulator,144161750,0,1018,1018,1018,0,0
l2cache_0,stateEvent_GetXResp_SM,,Accumulator,144161750,0,0,0,0,0,0
l2cache_0,stateEvent_GetXResp_SMInv,,Accumulator,144161750,0,0,0,0,0,0
l2cache_0,stateEvent_PutS_I,,Accumulator,144161750,0,0,0,0,0,0
l2cache_0,stateEvent_PutS_S,,Accumulator,144161750,0,0,0,0,0,0
l2cache_0,stateEvent_PutS_M,,Accumulator,144161750,0,0,0,0,0,0
l2cache_0,stateEvent_PutS_MInv,,Accumulator,144161750,0,0,0,0,0,0
l2cache_0,stateEvent_PutS_SInv,,Accumulator,144161750,0,0,0,0,0,0
l2cache_0,stateEvent_PutS_SMInv,,Accumulator,144161750,0,0,0,0,0,0
l2cache_0,stateEvent_PutS_MI,,Accumulator,144161750,0,0,0,0,0,0
l2cache_0,stateEvent_PutS_SI,,Accumulator,144161750,0,0,0,0,0,0
l2cache_0,stateEvent_PutS_IB,,Accumulator,144161750,0,0,0,0,0,0
l2cache_0,stateEvent_PutS_SB,,Accumulator,144161750,0,0,0,0,0,0
l2cache_0,stateEvent_PutS_SBInv,,Accumulator,144161750,0,0,0,0,0,0
l2cache_0,stateEvent_PutM_I,,Accumulator,144161750,0,0,0,0,0,0
l2cache_0,stateEvent_PutM_M,,Accumulator,144161750,0,1696,1696,1696,0,0
l2cache_0,stateEvent_PutM_MInv,,Accumulator,144161750,0,0,0,0,0,0
l2cache_0,stateEvent_PutM_MInvX,,Accumulator,144161750,0,0,0,0,0,0
l2cache_0,stateEvent_PutM_MI,,Accumulator,144161750,0,0,0,0,0,0
l2cache_0,stateEvent_Inv_I,,Accumulator,144161750,0,0,0,0,0,0
l2cache_0,stateEvent_Inv_S,,Accumulator,144161750,0,0,0,0,0,0
l2cache_0,stateEvent_Inv_IS,,Accumulator,144161750,0,0,0,0,0,0
l2cache_0,stateEvent_Inv_IM,,Accumulator,144161750,0,0,0,0,0,0
l2cache_0,stateEvent_Inv_SM,,Accumulator,144161750,0,0,0,0,0,0
l2cache_0,stateEvent_Inv_SInv,,Accumulator,144161750,0,0,0,0,0,0
l2cache_0,stateEvent_Inv_SMInv,,Accumulator,144161750,0,0,0,0,0,0
l2cache_0,stateEvent_Inv_SI,,Accumulator,144161750,0,0,0,0,0,0
l2cache_0,stateEvent_Inv_SB,,Accumulator,144161750,0,0,0,0,0,0
l2cache_0,stateEvent_Inv_IB,,Accumulator,144161750,0,0,0,0,0,0
l2cache_0,stateEvent_FetchInvX_I,,Accumulator,144161750,0,0,0,0,0,0
l2cache_0,stateEvent_FetchInvX_M,,Accumulator,144161750,0,0,0,0,0,0
l2cache_0,stateEvent_FetchInvX_IS,,Accumulator,144161750,0,0,0,0,0,0
l2cache_0,stateEvent_FetchInvX_IM,,Accumulator,144161750,0,0,0,0,0,0
l2cache_0,stateEvent_FetchInvX_MInv,,Accumulator,144161750,0,0,0,0,0,0
l2cache_0,stateEvent_FetchInvX_MInvX,,Accumulator,144161750,0,0,0,0,0,0
l2cache_0,stateEvent_FetchInvX_MI,,Accumulator,144161750,0,0,0,0,0,0
l2cache_0,stateEvent_FetchInvX_IB,,Accumulator,144161750,0,0,0,0,0,0
l2cache_0,stateEvent_FetchInvX_SB,,Accumulator,144161750,0,0,0,0,0,0
l2cache_0,stateEvent_Fetch_I,,Accumulator,144161750,0,0,0,0,0,0
l2cache_0,stateEvent_Fetch_S,,Accumulator,144161750,0,0,0,0,0,0
l2cache_0,stateEvent_Fetch_IS,,Accumulator,144161750,0,0,0,0,0,0
l2cache_0,stateEvent_Fetch_IM,,Accumulator,144161750,0,0,0,0,0,0
l2cache_0,stateEvent_Fetch_SM,,Accumulator,144161750,0,0,0,0,0,0
l2cache_0,stateEvent_Fetch_SInv,,Accumulator,144161750,0,0,0,0,0,0
l2cache_0,stateEvent_Fetch_SI,,Accumulator,144161750,0,0,0,0,0,0
l2cache_0,stateEvent_Fetch_IB,,Accumulator,144161750,0,0,0,0,0,0
l2cache_0,stateEvent_Fetch_SB,,Accumulator,144161750,0,0,0,0,0,0
l2cache_0,stateEvent_FetchInv_I,,Accumulator,144161750,0,0,0,0,0,0
l2cache_0,stateEvent_FetchInv_S,,Accumulator,144161750,0,0,0,0,0,0
l2cache_0,stateEvent_FetchInv_M,,Accumulator,144161750,0,0,0,0,0,0
l2cache_0,stateEvent_FetchInv_IS,,Accumulator,144161750,0,0,0,0,0,0
l2cache_0,stateEvent_FetchInv_IM,,Accumulator,144161750,0,0,0,0,0,0
l2cache_0,stateEvent_FetchInv_SM,,Accumulator,144161750,0,0,0,0,0,0
l2cache_0,stateEvent_FetchInv_MInv,,Accumulator,144161750,0,0,0,0,0,0
l2cache_0,stateEvent_FetchInv_MInvX,,Accumulator,144161750,0,0,0,0,0,0
l2cache_0,stateEvent_FetchInv_SInv,,Accumulator,144161750,0,0,0,0,0,0
l2cache_0,stateEvent_FetchInv_MI,,Accumulator,144161750,0,0,0,0,0,0
l2cache_0,stateEvent_FetchInv_IB,,Accumulator,144161750,0,0,0,0,0,0
l2cache_0,stateEvent_FetchInv_SB,,Accumulator,144161750,0,0,0,0,0,0
l2cache_0,stateEvent_FetchResp_I,,Accumulator,144161750,0,0,0,0,0,0
l2cache_0,stateEvent_FetchResp_MInv,,Accumulator,144161750,0,0,0,0,0,0
l2cache_0,stateEvent_FetchResp_MInvX,,Accumulator,144161750,0,0,0,0,0,0
l2cache_0,stateEvent_FetchResp_MI,,Accumulator,144161750,0,0,0,0,0,0
l2cache_0,stateEvent_FetchXResp_I,,Accumulator,144161750,0,0,0,0,0,0
l2cache_0,stateEvent_FetchXResp_MInv,,Accumulator,144161750,0,0,0,0,0,0
l2cache_0,stateEvent_FetchXResp_MInvX,,Accumulator,144161750,0,0,0,0,0,0
l2cache_0,stateEvent_FetchXResp_MI,,Accumulator,144161750,0,0,0,0,0,0
l2cache_0,stateEvent_AckInv_I,,Accumulator,144161750,0,0,0,0,0,0
l2cache_0,stateEvent_AckInv_MInv,,Accumulator,144161750,0,0,0,0,0,0
l2cache_0,stateEvent_AckInv_MInvX,,Accumulator,144161750,0,0,0,0,0,0
l2cache_0,stateEvent_AckInv_SInv,,Accumulator,144161750,0,0,0,0,0,0
l2cache_0,stateEvent_AckInv_SMInv,,Accumulator,144161750,0,0,0,0,0,0
l2cache_0,stateEvent_AckInv_MI,,Accumulator,144161750,0,0,0,0,0,0
l2cache_0,stateEvent_AckInv_SI,,Accumulator,144161750,0,0,0,0,0,0
l2cache_0,stateEvent_AckInv_SBInv,,Accumulator,144161750,0,0,0,0,0,0
l2cache_0,stateEvent_FlushLine_I,,Accumulator,144161750,0,0,0,0,0,0
l2cache_0,stateEvent_FlushLine_S,,Accumulator,144161750,0,0,0,0,0,0
l2cache_0,stateEvent_FlushLine_M,,Accumulator,144161750,0,0,0,0,0,0
l2cache_0,stateEvent_FlushLine_IS,,Accumulator,144161750,0,0,0,0,0,0
l2cache_0,stateEvent_FlushLine_IM,,Accumulator,144161750,0,0,0,0,0,0
l2cache_0,stateEvent_FlushLine_SM,,Accumulator,144161750,0,0,0,0,0,0
l2cache_0,stateEvent_FlushLine_MInv,,Accumulator,144161750,0,0,0,0,0,0
l2cache_0,stateEvent_FlushLine_MInvX,,Accumulator,144161750,0,0,0,0,0,0
l2cache_0,stateEvent_FlushLine_SInv,,Accumulator,144161750,0,0,0,0,0,0
l2cache_0,stateEvent_FlushLine_SMInv,,Accumulator,144161750,0,0,0,0,0,0
l2cache_0,stateEvent_FlushLine_MI,,Accumulator,144161750,0,0,0,0,0,0
l2cache_0,stateEvent_FlushLine_SI,,Accumulator,144161750,0,0,0,0,0,0
l2cache_0,stateEvent_FlushLine_IB,,Accumulator,144161750,0,0,0,0,0,0
l2cache_0,stateEvent_FlushLine_SB,,Accumulator,144161750,0,0,0,0,0,0
l2cache_0,stateEvent_FlushLineInv_I,,Accumulator,144161750,0,0,0,0,0,0
l2cache_0,stateEvent_FlushLineInv_S,,Accumulator,144161750,0,0,0,0,0,0
l2cache_0,stateEvent_FlushLineInv_M,,Accumulator,144161750,0,0,0,0,0,0
l2cache_0,stateEvent_FlushLineInv_IS,,Accumulator,144161750,0,0,0,0,0,0
l2cache_0,stateEvent_FlushLineInv_IM,,Accumulator,144161750,0,0,0,0,0,0
l2cache_0,stateEvent_FlushLineInv_SM,,Accumulator,144161750,0,0,0,0,0,0
l2cache_0,stateEvent_FlushLineInv_MInv,,Accumulator,144161750,0,0,0,0,0,0
l2cache_0,stateEvent_FlushLineInv_MInvX,,Accumulator,144161750,0,0,0,0,0,0
l2cache_0,stateEvent_FlushLineInv_SInv,,Accumulator,144161750,0,0,0,0,0,0
l2cache_0,stateEvent_FlushLineInv_SMInv,,Accumulator,144161750,0,0,0,0,0,0
l2cache_0,stateEvent_FlushLineInv_MI,,Accumulator,144161750,0,0,0,0,0,0
l2cache_0,stateEvent_FlushLineInv_SI,,Accumulator,144161750,0,0,0,0,0,0
l2cache_0,stateEvent_FlushLineInv_IB,,Accumulator,144161750,0,0,0,0,0,0
l2cache_0,stateEvent_FlushLineInv_SB,,Accumulator,144161750,0,0,0,0,0,0
l2cache_0,stateEvent_FlushLineResp_I,,Accumulator,144161750,0,0,0,0,0,0
l2cache_0,stateEvent_FlushLineResp_IB,,Accumulator,144161750,0,0,0,0,0,0
l2cache_0,stateEvent_FlushLineResp_SB,,Accumulator,144161750,0,0,0,0,0,0
l2cache_0,eventSent_GetS,,Accumulator,144161750,0,4280,4280,4280,0,0
l2cache_0,eventSent_GetX,,Accumulator,144161750,0,1018,1018,1018,0,0
l2cache_0,eventSent_GetSX,,Accumulator,144161750,0,0,0,0,0,0
l2cache_0,eventSent_PutS,,Accumulator,144161750,0,0,0,0,0,0
l2cache_0,eventSent_PutM,,Accumulator,144161750,0,433,433,433,0,0
l2cache_0,eventSent_FlushLine,,Accumulator,144161750,0,0,0,0,0,0
l2cache_0,eventSent_FlushLineInv,,Accumulator,144161750,0,0,0,0,0,0
l2cache_0,eventSent_FetchResp,,Accumulator,144161750,0,0,0,0,0,0
l2cache_0,eventSent_FetchXResp,,Accumulator,144161750,0,0,0,0,0,0
l2cache_0,eventSent_AckInv,,Accumulator,144161750,0,0,0,0,0,0
l2cache_0,eventSent_NACK_down,,Accumulator,144161750,0,0,0,0,0,0
l2cache_0,eventSent_GetSResp,,Accumulator,144161750,0,0,0,0,0,0
l2cache_0,eventSent_GetXResp,,Accumulator,144161750,0,10396,10396,10396,0,0
l2cache_0,eventSent_FlushLineResp,,Accumulator,144161750,0,0,0,0,0,0
l2cache_0,eventSent_Fetch,,Accumulator,144161750,0,0,0,0,0,0
l2cache_0,eventSent_FetchInv,,Accumulator,144161750,0,0,0,0,0,0
l2cache_0,eventSent_FetchInvX,,Accumulator,144161750,0,0,0,0,0,0
l2cache_0,eventSent_Inv,,Accumulator,144161750,0,0,0,0,0,0
l2cache_0,eventSent_NACK_up,,Accumulator,144161750,0,1006,1006,1006,0,0
l2cache_0,stateEvent_AckPut_I,,Accumulator,144161750,0,0,0,0,0,0
l2cache_0,evict_EInv,,Accumulator,144161750,0,0,0,0,0,0
l2cache_0,evict_EInvX,,Accumulator,144161750,0,0,0,0,0,0
l2cache_0,stateEvent_GetS_E,,Accumulator,144161750,0,3728,3728,3728,0,0
l2cache_0,stateEvent_GetX_E,,Accumulator,144161750,0,8,8,8,0,0
l2cache_0,stateEvent_GetSX_E,,Accumulator,144161750,0,0,0,0,0,0
l2cache_0,stateEvent_PutS_E,,Accumulator,144161750,0,0,0,0,0,0
l2cache_0,stateEvent_PutS_EInv,,Accumulator,144161750,0,0,0,0,0,0
l2cache_0,stateEvent_PutS_EI,,Accumulator,144161750,0,0,0,0,0,0
l2cache_0,stateEvent_PutE_I,,Accumulator,144161750,0,0,0,0,0,0
l2cache_0,stateEvent_PutE_E,,Accumulator,144161750,0,7842,7842,7842,0,0
l2cache_0,stateEvent_PutE_M,,Accumulator,144161750,0,657,657,657,0,0
l2cache_0,stateEvent_PutE_MInv,,Accumulator,144161750,0,0,0,0,0,0
l2cache_0,stateEvent_PutE_MInvX,,Accumulator,144161750,0,0,0,0,0,0
l2cache_0,stateEvent_PutE_MI,,Accumulator,144161750,0,0,0,0,0,0
l2cache_0,stateEvent_PutE_EInv,,Accumulator,144161750,0,0,0,0,0,0
l2cache_0,stateEvent_PutE_EInvX,,Accumulator,144161750,0,0,0,0,0,0
l2cache_0,stateEvent_PutE_EI,,Accumulator,144161750,0,0,0,0,0,0
l2cache_0,stateEvent_PutM_E,,Accumulator,144161750,0,76,76,76,0,0
l2cache_0,stateEvent_PutM_EInv,,Accumulator,144161750,0,0,0,0,0,0
l2cache_0,stateEvent_PutM_EInvX,,Accumulator,144161750,0,0,0,0,0,0
l2cache_0,stateEvent_PutM_EI,,Accumulator,144161750,0,0,0,0,0,0
l2cache_0,stateEvent_FetchInvX_E,,Accumulator,144161750,0,0,0,0,0,0
l2cache_0,stateEvent_FetchInvX_EInv,,Accumulator,144161750,0,0,0,0,0,0
l2cache_0,stateEvent_FetchInvX_EInvX,,Accumulator,144161750,0,0,0,0,0,0
l2cache_0,stateEvent_FetchInvX_EI,,Accumulator,144161750,0,0,0,0,0,0
l2cache_0,stateEvent_FetchInv_E,,Accumulator,144161750,0,0,0,0,0,0
l2cache_0,stateEvent_FetchInv_EInv,,Accumulator,144161750,0,0,0,0,0,0
l2cache_0,stateEvent_FetchInv_EInvX,,Accumulator,144161750,0,0,0,0,0,0
l2cache_0,stateEvent_FetchInv_EI,,Accumulator,144161750,0,0,0,0,0,0
l2cache_0,stateEvent_FetchResp_EInv,,Accumulator,144161750,0,0,0,0,0,0
l2cache_0,stateEvent_FetchResp_EInvX,,Accumulator,144161750,0,0,0,0,0,0
l2cache_0,stateEvent_FetchResp_EI,,Accumulator,144161750,0,0,0,0,0,0
l2cache_0,stateEvent_FetchXResp_EInv,,Accumulator,144161750,0,0,0,0,0,0
l2cache_0,stateEvent_FetchXResp_EInvX,,Accumulator,144161750,0,0,0,0,0,0
l2cache_0,stateEvent_FetchXResp_EI,,Accumulator,144161750,0,0,0,0,0,0
l2cache_0,stateEvent_AckInv_EInv,,Accumulator,144161750,0,0,0,0,0,0
l2cache_0,stateEvent_AckInv_EInvX,,Accumulator,144161750,0,0,0,0,0,0
l2cache_0,stateEvent_AckInv_EI,,Accumulator,144161750,0,0,0,0,0,0
l2cache_0,stateEvent_FlushLine_E,,Accumulator,144161750,0,0,0,0,0,0
l2cache_0,stateEvent_FlushLine_EInv,,Accumulator,144161750,0,0,0,0,0,0
l2cache_0,stateEvent_FlushLine_EInvX,,Accumulator,144161750,0,0,0,0,0,0
l2cache_0,stateEvent_FlushLine_EI,,Accumulator,144161750,0,0,0,0,0,0
l2cache_0,stateEvent_FlushLineInv_E,,Accumulator,144161750,0,0,0,0,0,0
l2cache_0,stateEvent_FlushLineInv_EInv,,Accumulator,144161750,0,0,0,0,0,0
l2cache_0,stateEvent_FlushLineInv_EInvX,,Accumulator,144161750,0,0,0,0,0,0
l2cache_0,stateEvent_FlushLineInv_EI,,Accumulator,144161750,0,0,0,0,0,0
l2cache_0,eventSent_PutE,,Accumulator,144161750,0,892,892,892,0,0
