,MCache(256KB),MCache(512KB),MCache(1MB),Attache.1CL(128KB),Attache.4CL(512KB),Ideal
GemsFDTD,,,,,,
omnetpp,,,,,,
soplex,,,,,,
mcf,,,,,,
lbm,,,,,,
libquantum,,,,,,
milc,,,,,,
leslie3d,,,,,,
sphinx3,,,,,,
astar,,,,,,
h264ref,,,,,,
sjeng,,,,,,
cactusADM,,,,,,
zeusmp,,,,,,
bwaves,,,,,,
gcc,,,,,,
bzip2,,,,,,
xalancbmk,,,,,,
mix1,,,,,,
mix2,,,,,,
mix3,,,,,,
bfs.road,,,,,,
bfs.web,,,,,,
bfs.kron,,,,,,
bfs.urand,,,,,,
bfs.twitter,,,,,,
bc.road,,,,,,
bc.web,,,,,,
bc.kron,,,,,,
bc.urand,,,,,,
bc.twitter,,,,,,
pr.road,,,,,,
pr.web,,,,,,
pr.kron,,,,,,
pr.urand,,,,,,
pr.twitter,,,,,,
rand,,,,,,
seq,,,,,,
gmean,,,,,,
