{"log": [{"sim_name": "FromL2-F10B-R1B-COMPRATE-NOCONTENT.ddr4-3200", "description": "test", "id": "1521152554263", "benchmarks": ["mcf"], "time": "18:22", "date": "18-03-15", "options": ["numPCHs1", "numPCHs2"]}, {"sim_name": "FromL2-F10B-R1B-COMPRATE-NOCONTENT.ddr4-3200", "description": "tst", "options": ["numPCHs1", "numPCHs2"], "benchmarks": ["mcf"], "time": "18:34", "date": "18-03-15", "id": "1521153292413"}, {"sim_name": "FromL2-F10B-R1B-COMPRATE-NOCONTENT.ddr4-3200", "description": "test", "id": "1521153336746", "benchmarks": ["mcf"], "time": "18:35", "date": "18-03-15", "options": ["numPCHs1", "numPCHs2"]}, {"sim_name": "FromL2-F10B-R1B-COMPRATE-NOCONTENT.ddr4-3200", "description": "teste", "options": ["numPCHs1", "numPCHs2"], "benchmarks": ["mcf"], "time": "18:36", "date": "18-03-15", "id": "1521153373418"}, {"sim_name": "FromL2-F10B-R1B-COMPRATE-NOCONTENT.ddr4-3200", "description": "tset", "id": "1521153487155", "benchmarks": ["mcf"], "time": "18:38", "date": "18-03-15", "options": ["numPCHs1", "numPCHs2"]}, {"sim_name": "FromL2-F10B-R1B-COMPRATE-NOCONTENT.ddr4-3200", "description": "tst", "options": ["numPCHs1", "numPCHs2"], "benchmarks": ["mcf"], "time": "18:43", "date": "18-03-15", "id": "1521153780173"}, {"sim_name": "FromL2-F10B-R1B-COMPRATE-NOCONTENT.ddr4-3200", "description": "diff $ of pch, 8cores, R200MB", "id": "1521157615718", "benchmarks": ["GemsFDTD", "omnetpp", "soplex", "mcf", "lbm", "libquantum", "milc", "leslie3d", "sphinx3", "astar", "wrf", "h264ref", "sjeng", "cactusADM", "zeusmp", "bwaves", "gcc", "bzip2", "xalancbmk"], "time": "19:46", "date": "18-03-15", "options": ["numPCHs1", "numPCHs2"]}, {"sim_name": "FromL2-F10B-R1B-COMPRATE-NOCONTENT.ddr4-3200", "description": "diff pch, 8cores, 100M", "options": ["numPCHs1", "numPCHs2"], "benchmarks": ["GemsFDTD", "omnetpp", "soplex", "mcf", "lbm", "libquantum", "milc", "leslie3d", "sphinx3", "astar", "wrf", "h264ref", "sjeng", "cactusADM", "zeusmp", "bwaves", "gcc", "bzip2", "xalancbmk"], "time": "20:33", "date": "18-03-15", "id": "1521160416028"}, {"sim_name": "FromL2-F10B-R1B-COMPRATE-NOCONTENT.ddr4-3200", "description": "pch, 8cores, R200M", "id": "1521160718357", "benchmarks": ["GemsFDTD", "omnetpp", "soplex", "mcf", "lbm", "libquantum", "milc", "leslie3d", "sphinx3", "astar", "wrf", "h264ref", "sjeng", "cactusADM", "zeusmp", "bwaves", "gcc", "bzip2", "xalancbmk"], "time": "20:38", "date": "18-03-15", "options": ["numPCHs1", "numPCHs2"]}, {"sim_name": "FromL2-F10B-R1B-COMPRATE-NOCONTENT.ddr4-3200", "description": "pca, 8cores, 8mbL3", "options": ["metadata_predictor0", "metadata_predictor1", "metadata_predictor2"], "benchmarks": ["GemsFDTD", "omnetpp", "soplex", "mcf", "lbm", "libquantum", "milc", "leslie3d", "sphinx3", "astar", "wrf", "h264ref", "sjeng", "cactusADM", "zeusmp", "bwaves", "gcc", "bzip2", "xalancbmk"], "time": "03:46", "date": "18-03-16", "id": "1521186414565"}, {"sim_name": "FromL2-F10B-R1B-COMPRATE-NOCONTENT.ddr4-3200", "description": "pca, 8cores, 8mbL3", "id": "1521186640927", "benchmarks": ["GemsFDTD", "omnetpp", "soplex", "mcf", "lbm", "libquantum", "milc", "leslie3d", "sphinx3", "astar", "wrf", "h264ref", "sjeng", "cactusADM", "zeusmp", "bwaves", "gcc", "bzip2", "xalancbmk"], "time": "03:50", "date": "18-03-16", "options": ["metadata_predictor0", "metadata_predictor1", "metadata_predictor2"]}, {"sim_name": "FromL2-F10B-R1B-COMPRATE-NOCONTENT.ddr4-3200", "description": "", "options": ["numPCHs1"], "benchmarks": ["bfs-road.sg"], "time": "18:53", "date": "18-03-16", "id": "1521240798622"}, {"sim_name": "FromL2-F10B-R1B-COMPRATE-NOCONTENT.ddr4-3200", "description": "", "id": "1521240851329", "benchmarks": ["bfs-road.sg"], "time": "18:54", "date": "18-03-16", "options": ["numPCHs1"]}, {"sim_name": "FromL2-R500B-COMPRATE-NOCONTENT-4CORE.ddr4-3200", "description": "", "options": ["numPCHs1"], "benchmarks": ["bfs-road.sg"], "time": "18:55", "date": "18-03-16", "id": "1521240939501"}, {"sim_name": "FromL2-R500M-COMPRATE-NOCONTENT-4CORE.ddr4-3200", "description": "", "id": "1521240969946", "benchmarks": ["bfs-road.sg"], "time": "18:56", "date": "18-03-16", "options": ["numPCHs1"]}, {"sim_name": "FromL2-R500M-COMPRATE-NOCONTENT-4CORE.ddr4-3200", "description": "", "options": ["numPCHs1"], "benchmarks": ["bfs-road.sg"], "time": "18:57", "date": "18-03-16", "id": "1521241056200"}, {"sim_name": "FromL2-R500M-COMPRATE-NOCONTENT-4CORE.ddr4-3200", "description": "", "id": "1521241119334", "benchmarks": ["bfs-road.sg"], "time": "18:58", "date": "18-03-16", "options": ["numPCHs1"]}, {"sim_name": "FromL2-R500M-COMPRATE-NOCONTENT-4CORE.ddr4-3200", "description": "", "options": ["numPCHs1"], "benchmarks": ["bfs-road.sg"], "time": "18:59", "date": "18-03-16", "id": "1521241157242"}, {"sim_name": "FromL2-R500M-COMPRATE-NOCONTENT-4CORE.ddr4-3200", "description": "pCH, 4cores, 8mbL3, 200M", "id": "1521241295929", "benchmarks": ["bfs-road.sg", "bfs-web.sg", "bfs-kron.sg", "bc-road.sg", "bc-web.sg", "bc-kron.sg", "cc-road.sg", "cc-web.sg", "cc-kron.sg"], "time": "19:01", "date": "18-03-16", "options": ["numPCHs1", "numPCHs2"]}, {"sim_name": "FromL2-R500M-COMPRATE-NOCONTENT-4CORE.ddr4-3200", "description": "attache(pca), 4cores, 8mbL3, 200M", "options": ["metadata_predictor0", "metadata_predictor1"], "benchmarks": ["bfs-road.sg", "bfs-web.sg", "bfs-kron.sg", "bc-road.sg", "bc-web.sg", "bc-kron.sg", "cc-road.sg", "cc-web.sg", "cc-kron.sg"], "time": "19:04", "date": "18-03-16", "id": "1521241468205"}, {"sim_name": "FromL2-F10B-R1B-COMPRATE-NOCONTENT.ddr4-3200", "description": "diff # of metacache row, 8cores, 8mbL3, 200M", "id": "1521244908554", "benchmarks": ["GemsFDTD", "omnetpp", "soplex", "mcf", "lbm", "libquantum", "milc", "leslie3d", "sphinx3", "astar", "wrf", "h264ref", "sjeng", "cactusADM", "zeusmp", "bwaves", "gcc", "bzip2", "xalancbmk"], "time": "20:01", "date": "18-03-16", "options": ["metacache_rownum32", "metacache_rownum64", "metacache_rownum128"]}, {"sim_name": "FromL2-F1B-R500M-COMPRATE-NOCONTENT-8CORE.ddr4-3200", "description": "pCH, 4cores, 8mbL3, 200M", "options": ["numPCHs1", "numPCHs2"], "benchmarks": ["bfs-road.sg", "bfs-web.sg", "bfs-kron.sg", "bc-road.sg", "bc-web.sg", "bc-kron.sg", "cc-road.sg", "cc-web.sg", "cc-kron.sg"], "time": "11:34", "date": "18-03-17", "id": "1521300850180"}, {"sim_name": "FromL2-F1B-R500M-COMPRATE-NOCONTENT-8CORE.ddr4-3200", "description": "attache, 8cores, 200M", "id": "1521301022025", "benchmarks": ["bfs-road.sg", "bfs-web.sg", "bfs-kron.sg", "bc-road.sg", "bc-web.sg", "bc-kron.sg", "cc-road.sg", "cc-web.sg", "cc-kron.sg"], "time": "11:37", "date": "18-03-17", "options": ["metadata_predictor0", "metadata_predictor1"]}, {"sim_name": "FromL2-F1B-R500M-COMPRATE-NOCONTENT-8CORE.ddr4-3200", "description": "pCH, 8cores, 200M", "options": ["numPCHs1", "numPCHs2"], "benchmarks": ["bfs-road.sg", "bfs-web.sg", "bfs-kron.sg", "bc-road.sg", "bc-web.sg", "bc-kron.sg", "cc-road.sg", "cc-web.sg", "cc-kron.sg"], "time": "09:27", "date": "18-03-18", "id": "1521379640664"}, {"sim_name": "FromL2-F1B-R500M-COMPRATE-NOCONTENT-8CORE.ddr4-3200", "description": "attache, 8cores, 200MB", "id": "1521379669699", "benchmarks": ["bfs-road.sg", "bfs-web.sg", "bfs-kron.sg", "bc-road.sg", "bc-web.sg", "bc-kron.sg", "cc-road.sg", "cc-web.sg", "cc-kron.sg"], "time": "09:27", "date": "18-03-18", "options": ["metadata_predictor0", "metadata_predictor1"]}, {"sim_name": "FromL2-F1B-R500M-COMPRATE-NOCONTENT-8CORE.ddr4-3200", "description": "pCH, 8core, 200M", "options": ["numPCHs1", "numPCHs2"], "benchmarks": ["bfs-road.sg", "bfs-web.sg", "bfs-kron.sg", "bc-road.sg", "bc-web.sg", "bc-kron.sg", "cc-road.sg", "cc-web.sg", "cc-kron.sg"], "time": "09:05", "date": "18-03-19", "id": "1521464701595"}, {"sim_name": "FromL2-F1B-R500M-COMPRATE-NOCONTENT-8CORE.ddr4-3200", "description": "attache, 8cores, 200M", "id": "1521464719799", "benchmarks": ["bfs-road.sg", "bfs-web.sg", "bfs-kron.sg", "bc-road.sg", "bc-web.sg", "bc-kron.sg", "cc-road.sg", "cc-web.sg", "cc-kron.sg"], "time": "09:05", "date": "18-03-19", "options": ["metadata_predictor0", "metadata_predictor1"]}, {"sim_name": "FromL2-F10B-R1B-COMPRATE-NOCONTENT.ddr4-3200", "description": "test", "options": ["lipr_entry_num0", "lipr_entry_num8192", "lipr_entry_num16384", "lipr_entry_num32768", "lipr_entry_num;0", "lipr_entry_num;1"], "benchmarks": ["GemsFDTD"], "time": "15:27", "date": "18-03-19", "id": "1521487634773"}, {"sim_name": "FromL2-F10B-R1B-COMPRATE-NOCONTENT.ddr4-3200", "description": "teste", "id": "1521487704025", "benchmarks": ["GemsFDTD"], "time": "15:28", "date": "18-03-19", "options": ["lipr_entry_num0", "lipr_entry_num8192", "lipr_entry_num16384", "lipr_entry_num32768"]}, {"sim_name": "FromL2-F10B-R1B-COMPRATE-NOCONTENT.ddr4-3200", "description": "test", "options": ["lipr_entry_num0", "lipr_entry_num8192", "lipr_entry_num16384", "lipr_entry_num32768"], "benchmarks": ["GemsFDTD"], "time": "15:29", "date": "18-03-19", "id": "1521487763435"}, {"sim_name": "FromL2-F10B-R1B-COMPRATE-NOCONTENT.ddr4-3200", "description": "test", "id": "1521487952306", "benchmarks": ["GemsFDTD"], "time": "15:32", "date": "18-03-19", "options": ["lipr_entry_num0", "lipr_entry_num8192", "lipr_entry_num16384", "lipr_entry_num32768"]}, {"sim_name": "FromL2-F10B-R1B-COMPRATE-NOCONTENT.ddr4-3200", "description": "teset", "options": ["lipr_entry_num0", "lipr_entry_num8192", "lipr_entry_num16384", "lipr_entry_num32768"], "benchmarks": ["GemsFDTD"], "time": "15:33", "date": "18-03-19", "id": "1521487985064"}, {"sim_name": "FromL2-F10B-R1B-COMPRATE-NOCONTENT.ddr4-3200", "description": "tst", "id": "1521488057313", "benchmarks": ["GemsFDTD"], "time": "15:34", "date": "18-03-19", "options": ["lipr_entry_num0", "lipr_entry_num8192", "lipr_entry_num16384", "lipr_entry_num32768"]}, {"sim_name": "FromL2-F10B-R1B-COMPRATE-NOCONTENT.ddr4-3200", "description": "test", "options": ["lipr_sel_repl0", "lipr_sel_repl1"], "benchmarks": ["GemsFDTD"], "time": "15:37", "date": "18-03-19", "id": "1521488246954"}, {"sim_name": "FromL2-F10B-R1B-COMPRATE-NOCONTENT.ddr4-3200", "description": "spec,base,4cores,400M", "id": "1521489220916", "benchmarks": ["GemsFDTD", "omnetpp", "soplex", "mcf", "lbm", "libquantum", "milc", "leslie3d", "sphinx3", "astar", "wrf", "h264ref", "sjeng", "cactusADM", "zeusmp", "bwaves", "gcc", "bzip2", "xalancbmk"], "time": "15:53", "date": "18-03-19", "options": ["numPCHs1", "numPCHs2"]}, {"sim_name": "FromL2-F10B-R1B-COMPRATE-NOCONTENT.ddr4-3200", "description": "spec,compare,4cores,400M", "options": ["metadata_predictor0", "metadata_predictor1", "metadata_predictor2"], "benchmarks": ["GemsFDTD", "omnetpp", "soplex", "mcf", "lbm", "libquantum", "milc", "leslie3d", "sphinx3", "astar", "wrf", "h264ref", "sjeng", "cactusADM", "zeusmp", "bwaves", "gcc", "bzip2", "xalancbmk"], "time": "15:57", "date": "18-03-19", "id": "1521489421891"}, {"sim_name": "FromL2-F10B-R1B-COMPRATE-NOCONTENT.ddr4-3200", "description": "spec,diff # of lipr, 4cores, 400M", "id": "1521489566787", "benchmarks": ["GemsFDTD", "omnetpp", "soplex", "mcf", "lbm", "libquantum", "milc", "leslie3d", "sphinx3", "astar", "wrf", "h264ref", "sjeng", "cactusADM", "zeusmp", "bwaves", "gcc", "bzip2", "xalancbmk"], "time": "15:59", "date": "18-03-19", "options": ["lipr_entry_num0", "lipr_entry_num8192", "lipr_entry_num16384", "lipr_entry_num32768"]}, {"sim_name": "FromL2-F10B-R1B-COMPRATE-NOCONTENT.ddr4-3200", "description": "spec,attach,selective repl,4cores,400M", "options": ["lipr_sel_repl0", "lipr_sel_repl1"], "benchmarks": ["GemsFDTD", "omnetpp", "soplex", "mcf", "lbm", "libquantum", "milc", "leslie3d", "sphinx3", "astar", "wrf", "h264ref", "sjeng", "cactusADM", "zeusmp", "bwaves", "gcc", "bzip2", "xalancbmk"], "time": "16:06", "date": "18-03-19", "id": "1521489961711"}, {"sim_name": "FromL2-F10B-R1B-COMPRATE-NOCONTENT.ddr4-3200", "description": "spec,base,4cores,400M", "id": "1521499949854", "benchmarks": ["GemsFDTD", "omnetpp", "soplex", "mcf", "lbm", "libquantum", "milc", "leslie3d", "sphinx3", "astar", "wrf", "h264ref", "sjeng", "cactusADM", "zeusmp", "bwaves", "gcc", "bzip2", "xalancbmk"], "time": "18:52", "date": "18-03-19", "options": ["numPCHs1", "numPCHs2"]}, {"sim_name": "FromL2-F1B-R1B-COMPRATE-NOCONTENT-4CORE.ddr4-3200", "description": "gap,base,4cores,400M", "options": ["numPCHs1", "numPCHs2"], "benchmarks": ["bfs-road.sg", "bfs-web.sg", "bfs-kron.sg", "bc-road.sg", "bc-web.sg", "bc-kron.sg", "cc-road.sg", "cc-web.sg", "cc-kron.sg"], "time": "18:54", "date": "18-03-19", "id": "1521500053905"}, {"sim_name": "FromL2-F10B-R1B-COMPRATE-NOCONTENT.ddr4-3200", "description": "spec,diff # of metacache entries,4cores,400M", "id": "1521507154299", "benchmarks": ["GemsFDTD", "omnetpp", "soplex", "mcf", "lbm", "libquantum", "milc", "leslie3d", "sphinx3", "astar", "wrf", "h264ref", "sjeng", "cactusADM", "zeusmp", "bwaves", "gcc", "bzip2", "xalancbmk"], "time": "20:52", "date": "18-03-19", "options": ["metacache_rownum32", "metacache_rownum128", "metacache_rownum512", "metacache_rownum1024"]}, {"sim_name": "FromL2-F1B-R1B-COMPRATE-NOCONTENT-4CORE.ddr4-3200", "description": "gap,compare,4cores,400M", "options": ["metadata_predictor0", "metadata_predictor1", "metadata_predictor2"], "benchmarks": ["bfs-road.sg", "bfs-web.sg", "bfs-kron.sg", "bc-road.sg", "bc-web.sg", "bc-kron.sg", "cc-road.sg", "cc-web.sg", "cc-kron.sg"], "time": "21:04", "date": "18-03-19", "id": "1521507873531"}, {"sim_name": "FromL2-F10B-R1B-COMPRATE-NOCONTENT.ddr4-3200", "description": "mix,base,4cores,400M", "id": "1521509081853", "benchmarks": ["libquantum.omnetpp.soplex.leslie3d", "lbm.astar.GemsFDTD.milc", "soplex.xalancbmk.gcc.h264ref", "mcf.sphinx.zeusmp.omnetpp"], "time": "21:24", "date": "18-03-19", "options": ["numPCHs1", "numPCHs2"]}, {"sim_name": "FromL2-F10B-R1B-COMPRATE-NOCONTENT.ddr4-3200", "description": "mix,compare,4cores,400M", "options": ["metadata_predictor0", "metadata_predictor1", "metadata_predictor2"], "benchmarks": ["libquantum.omnetpp.soplex.leslie3d", "lbm.astar.GemsFDTD.milc", "soplex.xalancbmk.gcc.h264ref", "mcf.sphinx.zeusmp.omnetpp"], "time": "21:27", "date": "18-03-19", "id": "1521509224615"}, {"sim_name": "FromL2-F1B-R1B-COMPRATE-NOCONTENT-4CORE.ddr4-3200", "description": "gap,diff # of metacache entries, 4cores, 400M", "id": "1521514367387", "benchmarks": ["bfs-road.sg", "bfs-web.sg", "bfs-kron.sg", "bc-road.sg", "bc-web.sg", "bc-kron.sg", "cc-road.sg", "cc-web.sg", "cc-kron.sg"], "time": "22:52", "date": "18-03-19", "options": ["metacache_rownum32", "metacache_rownum128", "metacache_rownum512", "metacache_rownum1024"]}, {"sim_name": "FromL2-F10B-R1B-COMPRATE-NOCONTENT.ddr4-3200", "description": "mix,diff # of metacache entries, 4cores, 400M", "options": ["metacache_rownum32", "metacache_rownum128", "metacache_rownum512", "metacache_rownum1024"], "benchmarks": ["libquantum.omnetpp.soplex.leslie3d", "lbm.astar.GemsFDTD.milc", "soplex.xalancbmk.gcc.h264ref", "mcf.sphinx.zeusmp.omnetpp"], "time": "22:54", "date": "18-03-19", "id": "1521514473466"}, {"sim_name": "FromL2-F10B-R1B-COMPRATE-NOCONTENT.ddr4-3200", "description": "mix,base,4cores,400M", "id": "1521544562423", "benchmarks": ["libquantum.omnetpp.soplex.leslie3d", "lbm.astar.GemsFDTD.milc", "soplex.xalancbmk.gcc.h264ref", "mcf.sphinx.zeusmp.omnetpp"], "time": "07:16", "date": "18-03-20", "options": ["numPCHs1", "numPCHs2"]}, {"sim_name": "FromL2-F10B-R1B-COMPRATE-NOCONTENT.ddr4-3200", "description": "mix,base,4cores,400M", "options": ["numPCHs1", "numPCHs2"], "benchmarks": ["libquantum.omnetpp.soplex.leslie3d", "lbm.astar.GemsFDTD.milc", "soplex.xalancbmk.gcc.h264ref", "mcf.sphinx3.zeusmp.omnetpp"], "time": "07:21", "date": "18-03-20", "id": "1521544870059"}, {"sim_name": "FromL2-F10B-R1B-COMPRATE-NOCONTENT.ddr4-3200", "description": "mix,compare,4cores,400M", "id": "1521544896944", "benchmarks": ["libquantum.omnetpp.soplex.leslie3d", "lbm.astar.GemsFDTD.milc", "soplex.xalancbmk.gcc.h264ref", "mcf.sphinx3.zeusmp.omnetpp"], "time": "07:21", "date": "18-03-20", "options": ["metadata_predictor0", "metadata_predictor1", "metadata_predictor2"]}, {"sim_name": "FromL2-F10B-R1B-COMPRATE-NOCONTENT-1CORE.ddr4-3200", "description": "gap_1thread,base,4cores,400M", "options": ["numPCHs1", "numPCHs2"], "benchmarks": ["bfs-road.sg", "bfs-web.sg", "bfs-kron.sg", "bc-road.sg", "bc-web.sg", "bc-kron.sg", "cc-road.sg", "cc-web.sg", "cc-kron.sg"], "time": "18:32", "date": "18-03-20", "id": "1521585168195"}, {"sim_name": "FromL2-F10B-R1B-COMPRATE-NOCONTENT-1CORE.ddr4-3200", "description": "gap_1thread,base,4cores,400M", "id": "1521593994522", "benchmarks": ["bfs-road.sg", "bfs-web.sg", "bfs-kron.sg", "bfs-wiki.el", "bfs-youtube.el", "bfs-urand.sg", "bc-road.sg", "bc-web.sg", "bc-kron.sg", "bc-wiki.el", "bc-youtube.el", "bc-urand.sg", "cc-road.sg", "cc-web.sg", "cc-kron.sg", "cc-wiki.el", "cc-youtube.el", "cc-urand.sg", "pr-road.sg", "pr-web.sg", "pr-kron.sg", "pr-wiki.el", "pr-youtube.el", "pr-urand.sg", "sssp-road.sg", "sssp-web.sg", "sssp-kron.sg", "sssp-wiki.el", "sssp-youtube.el", "sssp-urand.sg"], "time": "20:59", "date": "18-03-20", "options": ["numPCHs1", "numPCHs2"]}, {"sim_name": "FromL2-F10B-R1B-COMPRATE-NOCONTENT-1CORE.ddr4-3200", "description": "base,gap_1thread,4cores,400M", "options": ["numPCHs1", "numPCHs2"], "benchmarks": ["bfs-road.sg", "bfs-web.sg", "bfs-kron.sg", "bfs-urand.sg", "bc-road.sg", "bc-web.sg", "bc-kron.sg", "bc-urand.sg", "cc-road.sg", "cc-web.sg", "cc-kron.sg", "cc-urand.sg", "pr-road.sg", "pr-web.sg", "pr-kron.sg", "pr-urand.sg"], "time": "21:08", "date": "18-03-20", "id": "1521594494513"}, {"sim_name": "FromL2-F10B-R1B-COMPRATE-NOCONTENT-1CORE.ddr4-3200", "description": "compare,gap_1thread,4cores,400M", "id": "1521594691747", "benchmarks": ["bfs-road.sg", "bfs-web.sg", "bfs-kron.sg", "bfs-urand.sg", "bc-road.sg", "bc-web.sg", "bc-kron.sg", "bc-urand.sg", "cc-road.sg", "cc-web.sg", "cc-kron.sg", "cc-urand.sg", "pr-road.sg", "pr-web.sg", "pr-kron.sg", "pr-urand.sg"], "time": "21:11", "date": "18-03-20", "options": ["metadata_predictor0", "metadata_predictor1", "metadata_predictor2"]}, {"sim_name": "FromL2-F10B-R1B-COMPRATE-NOCONTENT-1CORE.ddr4-3200", "description": "base,gap_1thread,4cores,400M", "options": ["numPCHs1", "numPCHs2"], "benchmarks": ["bfs-road.sg", "bfs-web.sg", "bfs-kron.sg", "bfs-urand.sg", "bc-road.sg", "bc-web.sg", "bc-kron.sg", "bc-urand.sg", "cc-road.sg", "cc-web.sg", "cc-kron.sg", "cc-urand.sg", "pr-road.sg", "pr-web.sg", "pr-kron.sg", "pr-urand.sg"], "time": "00:04", "date": "18-03-21", "id": "1521605095838"}, {"sim_name": "FromL2-F10B-R1B-COMPRATE-NOCONTENT-1CORE.ddr4-3200", "description": "compare,gap_1thread,4cores,400M", "id": "1521605128766", "benchmarks": ["bfs-road.sg", "bfs-web.sg", "bfs-kron.sg", "bfs-urand.sg", "bc-road.sg", "bc-web.sg", "bc-kron.sg", "bc-urand.sg", "cc-road.sg", "cc-web.sg", "cc-kron.sg", "cc-urand.sg", "pr-road.sg", "pr-web.sg", "pr-kron.sg", "pr-urand.sg"], "time": "00:05", "date": "18-03-21", "options": ["metadata_predictor0", "metadata_predictor1", "metadata_predictor2"]}, {"sim_name": "FromL2-SP-R1B-COMPRATE-NOCONTENT-1CORE.ddr4-3200", "description": "base,gap_1thread,4cores,400M,SP", "options": ["numPCHs1", "numPCHs2"], "benchmarks": ["bfs-road.sg", "bfs-web.sg", "bfs-kron.sg", "bfs-urand.sg", "bc-road.sg", "bc-web.sg", "bc-kron.sg", "bc-urand.sg", "cc-road.sg", "cc-web.sg", "cc-kron.sg", "cc-urand.sg", "pr-road.sg", "pr-web.sg", "pr-kron.sg", "pr-urand.sg"], "time": "11:13", "date": "18-03-21", "id": "1521645215118"}, {"sim_name": "FromL2-SP-R1B-COMPRATE-NOCONTENT-1CORE.ddr4-3200", "description": "compare,gap_1thread,4cores,400M,SP", "id": "1521645276723", "benchmarks": ["bfs-road.sg", "bfs-web.sg", "bfs-kron.sg", "bfs-urand.sg", "bc-road.sg", "bc-web.sg", "bc-kron.sg", "bc-urand.sg", "cc-road.sg", "cc-web.sg", "cc-kron.sg", "cc-urand.sg", "pr-road.sg", "pr-web.sg", "pr-kron.sg", "pr-urand.sg"], "time": "11:14", "date": "18-03-21", "options": ["metadata_predictor0", "metadata_predictor1", "metadata_predictor2"]}, {"sim_name": "FromL2-SP-R1B-COMPRATE-NOCONTENT-1CORE.ddr4-3200", "description": "base,gap_1thread,1cores,400M,SP", "options": ["numPCHs1", "numPCHs2"], "benchmarks": ["bfs-road.sg", "bfs-web.sg", "bfs-kron.sg", "bfs-urand.sg", "bc-road.sg", "bc-web.sg", "bc-kron.sg", "bc-urand.sg", "cc-road.sg", "cc-web.sg", "cc-kron.sg", "cc-urand.sg", "pr-road.sg", "pr-web.sg", "pr-kron.sg", "pr-urand.sg"], "time": "12:38", "date": "18-03-21", "id": "1521650327880"}, {"sim_name": "FromL2-F10B-R1B-COMPRATE-NOCONTENT.ddr4-3200", "description": "base,spec,8cores,200M,random_page", "id": "1521718084233", "benchmarks": ["GemsFDTD", "omnetpp", "soplex", "mcf", "lbm", "libquantum", "milc", "leslie3d", "sphinx3", "astar", "wrf", "h264ref", "sjeng", "cactusADM", "zeusmp", "bwaves", "gcc", "bzip2", "xalancbmk"], "time": "07:28", "date": "18-03-22", "options": ["numPCHs1", "numPCHs2"]}, {"sim_name": "FromL2-F10B-R1B-COMPRATE-NOCONTENT.ddr4-3200", "description": "compare,spec,8cores,200M,random_page", "options": ["metadata_predictor0", "metadata_predictor1", "metadata_predictor2"], "benchmarks": ["GemsFDTD", "omnetpp", "soplex", "mcf", "lbm", "libquantum", "milc", "leslie3d", "sphinx3", "astar", "wrf", "h264ref", "sjeng", "cactusADM", "zeusmp", "bwaves", "gcc", "bzip2", "xalancbmk"], "time": "07:35", "date": "18-03-22", "id": "1521718557688"}, {"sim_name": "FromL2-F10B-R1B-COMPRATE-NOCONTENT.ddr4-3200", "description": "test", "id": "1521718792603", "benchmarks": ["GemsFDTD"], "time": "07:39", "date": "18-03-22", "options": ["lipr_entry_num32768"]}, {"sim_name": "FromL2-F10B-R1B-COMPRATE-NOCONTENT.ddr4-3200", "description": "base,spec,8core,200M,random_page", "options": ["numPCHs1", "numPCHs2"], "benchmarks": ["GemsFDTD", "omnetpp", "soplex", "mcf", "lbm", "libquantum", "milc", "leslie3d", "sphinx3", "astar", "wrf", "h264ref", "sjeng", "cactusADM", "zeusmp", "bwaves", "gcc", "bzip2", "xalancbmk"], "time": "07:43", "date": "18-03-22", "id": "1521719017402"}, {"sim_name": "FromL2-F10B-R1B-COMPRATE-NOCONTENT.ddr4-3200", "description": "compare,spec,8cores,200m,random_page", "id": "1521719127597", "benchmarks": ["GemsFDTD", "omnetpp", "soplex", "mcf", "lbm", "libquantum", "milc", "leslie3d", "sphinx3", "astar", "wrf", "h264ref", "sjeng", "cactusADM", "zeusmp", "bwaves", "gcc", "bzip2", "xalancbmk"], "time": "07:45", "date": "18-03-22", "options": ["metadata_predictor0", "metadata_predictor1", "metadata_predictor2"]}, {"sim_name": "FromL2-SP-R1B-COMPRATE-NOCONTENT-1CORE.ddr4-3200", "description": "base,gap_1thread,8cores,200m,random_page", "options": ["numPCHs1", "numPCHs2"], "benchmarks": ["bfs-road.sg", "bfs-web.sg", "bfs-kron.sg", "bfs-urand.sg", "bc-road.sg", "bc-web.sg", "bc-kron.sg", "bc-urand.sg", "cc-road.sg", "cc-web.sg", "cc-kron.sg", "cc-urand.sg", "pr-road.sg", "pr-web.sg", "pr-kron.sg", "pr-urand.sg"], "time": "07:53", "date": "18-03-22", "id": "1521719625753"}, {"sim_name": "FromL2-SP-R1B-COMPRATE-NOCONTENT-1CORE.ddr4-3200", "description": "compare,gap_1thread,8cores,200M,random_pages", "id": "1521719733993", "benchmarks": ["bfs-road.sg", "bfs-web.sg", "bfs-kron.sg", "bfs-urand.sg", "bc-road.sg", "bc-web.sg", "bc-kron.sg", "bc-urand.sg", "cc-road.sg", "cc-web.sg", "cc-kron.sg", "cc-urand.sg", "pr-road.sg", "pr-web.sg", "pr-kron.sg", "pr-urand.sg"], "time": "07:55", "date": "18-03-22", "options": ["metadata_predictor0", "metadata_predictor1", "metadata_predictor2"]}, {"sim_name": "FromL2-SP-R1B-COMPRATE-NOCONTENT-1CORE.ddr4-3200", "description": "test", "options": ["numPCHs1"], "benchmarks": ["cc-;kron.sg", "cc-kron.sg"], "time": "14:43", "date": "18-03-22", "id": "1521744213642"}, {"sim_name": "FromL2-SP-R1B-COMPRATE-NOCONTENT-1CORE.ddr4-3200", "description": "test", "id": "1521744343158", "benchmarks": ["cc-kron.sg"], "time": "14:45", "date": "18-03-22", "options": ["numPCHs1"]}, {"sim_name": "FromL2-SP-R1B-COMPRATE-NOCONTENT-1CORE.ddr4-3200", "description": "test,all hit on l3", "options": ["numPCHs1"], "benchmarks": ["cc-kron.sg"], "time": "15:01", "date": "18-03-22", "id": "1521745264425"}, {"sim_name": "FromL2-F10B-R1B-COMPRATE-NOCONTENT-1CORE.ddr4-3200", "description": "base,gap_1thread,8cores,200M,rand_page", "id": "1521750278964", "benchmarks": ["bfs-road.sg", "bfs-web.sg", "bfs-kron.sg", "bfs-urand.sg", "bc-road.sg", "bc-web.sg", "bc-kron.sg", "bc-urand.sg", "cc-road.sg", "cc-web.sg", "cc-kron.sg", "cc-urand.sg", "pr-road.sg", "pr-web.sg", "pr-kron.sg", "pr-urand.sg"], "time": "16:24", "date": "18-03-22", "options": ["numPCHs1", "numPCHs2"]}, {"sim_name": "FromL2-F10B-R1B-COMPRATE-NOCONTENT-1CORE.ddr4-3200", "description": "compare,gap_1thread,8cores,200m,random_page", "options": ["metadata_predictor0", "metadata_predictor1", "metadata_predictor2"], "benchmarks": ["bfs-road.sg", "bfs-web.sg", "bfs-kron.sg", "bfs-urand.sg", "bc-road.sg", "bc-web.sg", "bc-kron.sg", "bc-urand.sg", "cc-road.sg", "cc-web.sg", "cc-kron.sg", "cc-urand.sg", "pr-road.sg", "pr-web.sg", "pr-kron.sg", "pr-urand.sg"], "time": "17:53", "date": "18-03-22", "id": "1521755582092"}, {"sim_name": "FromL2-F10B-R1B-COMPRATE-NOCONTENT.ddr4-3200", "description": "base,spec,8cores,200M,random_page", "id": "1521758354423", "benchmarks": ["GemsFDTD", "omnetpp", "soplex", "mcf", "lbm", "libquantum", "milc", "leslie3d", "sphinx3", "astar", "wrf", "h264ref", "sjeng", "cactusADM", "zeusmp", "bwaves", "gcc", "bzip2", "xalancbmk"], "time": "18:39", "date": "18-03-22", "options": ["numPCHs1", "numPCHs2"]}, {"sim_name": "FromL2-F10B-R1B-COMPRATE-NOCONTENT.ddr4-3200", "description": "compare,spec,8cores,200M,random_page", "options": ["metadata_predictor0", "metadata_predictor1", "metadata_predictor2"], "benchmarks": ["GemsFDTD", "omnetpp", "soplex", "mcf", "lbm", "libquantum", "milc", "leslie3d", "sphinx3", "astar", "wrf", "h264ref", "sjeng", "cactusADM", "zeusmp", "bwaves", "gcc", "bzip2", "xalancbmk"], "time": "18:39", "date": "18-03-22", "id": "1521758380103"}, {"sim_name": "FromL2-F10B-R1B-COMPRATE-NOCONTENT.ddr4-3200", "description": "compare,spec,8cores,200M,random_page,metacache_latency,multilane_rowtable", "id": "1521768696252", "benchmarks": ["GemsFDTD", "omnetpp", "soplex", "mcf", "lbm", "libquantum", "milc", "leslie3d", "sphinx3", "astar", "wrf", "h264ref", "sjeng", "cactusADM", "zeusmp", "bwaves", "gcc", "bzip2", "xalancbmk"], "time": "21:31", "date": "18-03-22", "options": ["metadata_predictor1", "metadata_predictor2"]}, {"sim_name": "FromL2-F10B-R1B-COMPRATE-NOCONTENT-1CORE.ddr4-3200", "description": "compare,gap_1thread,8cores,random_page,metacache_latency,multilane_rowtable", "options": ["metadata_predictor1", "metadata_predictor2"], "benchmarks": ["bfs-road.sg", "bfs-web.sg", "bfs-kron.sg", "bfs-urand.sg", "bc-road.sg", "bc-web.sg", "bc-kron.sg", "bc-urand.sg", "cc-road.sg", "cc-web.sg", "cc-kron.sg", "cc-urand.sg", "pr-road.sg", "pr-web.sg", "pr-kron.sg", "pr-urand.sg"], "time": "21:41", "date": "18-03-22", "id": "1521769315409"}, {"sim_name": "FromL2-F10B-R1B-COMPRATE-NOCONTENT-1CORE.ddr4-3200", "description": "test, flush allocated page table", "id": "1521772636079", "benchmarks": ["bc-urand.sg", "cc-urand.sg", "pr-urand.sg"], "time": "22:37", "date": "18-03-22", "options": ["metadata_predictor1"]}, {"sim_name": "FromL2-F10B-R1B-COMPRATE-NOCONTENT.ddr4-3200", "description": "attache,spec,8cores,200m,multilan_rowtable,1M entries", "options": ["ropr_entry_num524288", "ropr_entry_num1048576"], "benchmarks": ["GemsFDTD", "omnetpp", "soplex", "mcf", "lbm", "libquantum", "milc", "leslie3d", "sphinx3", "astar", "h264ref", "sjeng", "cactusADM", "zeusmp", "bwaves", "gcc", "bzip2", "xalancbmk"], "time": "23:31", "date": "18-03-22", "id": "1521775897964"}, {"sim_name": "FromL2-SP-R1B-COMPRATE-NOCONTENT-1CORE.ddr4-3200", "description": "base,spec,8cores,sp", "id": "1521998129019", "benchmarks": ["GemsFDTD", "omnetpp", "soplex", "mcf", "lbm", "libquantum", "milc", "leslie3d", "sphinx3", "astar", "h264ref", "sjeng", "cactusADM", "zeusmp", "bwaves", "gcc", "bzip2", "xalancbmk"], "time": "13:15", "date": "18-03-25", "options": ["numPCHs1", "numPCHs2"]}, {"sim_name": "FromL2-SP-R1B-COMPRATE-NOCONTENT-1CORE.ddr4-3200", "description": "compare,spec,8cores,sp", "options": ["metadata_predictor0", "metadata_predictor1", "metadata_predictor2"], "benchmarks": ["GemsFDTD", "omnetpp", "soplex", "mcf", "lbm", "libquantum", "milc", "leslie3d", "sphinx3", "astar", "wrf", "h264ref", "sjeng", "cactusADM", "zeusmp", "bwaves", "gcc", "bzip2", "xalancbmk"], "time": "13:15", "date": "18-03-25", "id": "1521998135802"}, {"sim_name": "FromL2-SP-R1B-COMPRATE-NOCONTENT-1CORE.ddr4-3200", "description": "base,gap,8cores,sp", "id": "1521998144841", "benchmarks": ["bfs.road", "bfs.web", "bfs.kron", "bfs.urand", "bfs.twitter", "bc.road", "bc.web", "bc.kron", "bc.urand", "bc.twitter", "pr.road", "pr.web", "pr.kron", "pr.urand", "pr.twitter"], "time": "13:15", "date": "18-03-25", "options": ["numPCHs1", "numPCHs2"]}, {"sim_name": "FromL2-SP-R1B-COMPRATE-NOCONTENT-1CORE.ddr4-3200", "description": "compare, gap, 8cores,sp", "options": ["metadata_predictor0", "metadata_predictor1", "metadata_predictor2"], "benchmarks": ["bfs.road", "bfs.web", "bfs.kron", "bfs.urand", "bfs.twitter", "bc.road", "bc.web", "bc.kron", "bc.urand", "bc.twitter", "pr.road", "pr.web", "pr.kron", "pr.urand", "pr.twitter"], "time": "13:15", "date": "18-03-25", "id": "1521998150225"}, {"sim_name": "FromL2-F10B-R1B-COMPRATE-NOCONTENT-1CORE.ddr4-3200", "description": "base,spec,8cores,200M,modified_l3", "id": "1522087620800", "benchmarks": ["GemsFDTD", "omnetpp", "soplex", "mcf", "lbm", "libquantum", "milc", "leslie3d", "sphinx3", "astar", "h264ref", "sjeng", "cactusADM", "zeusmp", "bwaves", "gcc", "bzip2", "xalancbmk"], "time": "14:07", "date": "18-03-26", "options": ["numPCHs1", "numPCHs2"]}, {"sim_name": "FromL2-F10B-R1B-COMPRATE-NOCONTENT-1CORE.ddr4-3200", "description": "compare,spec,8cores,200m,modified_l3", "options": ["metadata_predictor0", "metadata_predictor1", "metadata_predictor2"], "benchmarks": ["GemsFDTD", "omnetpp", "soplex", "mcf", "lbm", "libquantum", "milc", "leslie3d", "sphinx3", "astar", "h264ref", "sjeng", "cactusADM", "zeusmp", "bwaves", "gcc", "bzip2", "xalancbmk"], "time": "14:07", "date": "18-03-26", "id": "1522087627216"}, {"sim_name": "FromL2-F10B-R1B-COMPRATE-NOCONTENT-1CORE.ddr4-3200", "description": "base,gap,8cores,200M,modified_l3", "id": "1522087636408", "benchmarks": ["bfs.road", "bfs.web", "bfs.kron", "bfs.urand", "bfs.twitter", "bc.road", "bc.web", "bc.kron", "bc.urand", "bc.twitter", "pr.road", "pr.web", "pr.kron", "pr.urand", "pr.twitter"], "time": "14:07", "date": "18-03-26", "options": ["numPCHs1", "numPCHs2"]}, {"sim_name": "FromL2-F10B-R1B-COMPRATE-NOCONTENT-1CORE.ddr4-3200", "description": "compare, gap, 8cores,200M,modified_l3", "options": ["metadata_predictor0", "metadata_predictor1", "metadata_predictor2"], "benchmarks": ["bfs.road", "bfs.web", "bfs.kron", "bfs.urand", "bfs.twitter", "bc.road", "bc.web", "bc.kron", "bc.urand", "bc.twitter", "pr.road", "pr.web", "pr.kron", "pr.urand", "pr.twitter"], "time": "14:07", "date": "18-03-26", "id": "1522087641559"}, {"sim_name": "FromL2-F10B-R1B-COMPRATE-NOCONTENT-1CORE.ddr4-3200", "description": "base,gap,8cores,200M,modified_l3", "id": "1522087880466", "benchmarks": ["bfs-road", "bfs-web", "bfs-kron", "bfs-urand", "bfs-twitter", "bc-road", "bc-web", "bc-kron", "bc-urand", "bc-twitter", "pr-road", "pr-web", "pr-kron", "pr-urand", "pr-twitter"], "time": "14:11", "date": "18-03-26", "options": ["numPCHs1", "numPCHs2"]}, {"sim_name": "FromL2-F10B-R1B-COMPRATE-NOCONTENT-1CORE.ddr4-3200", "description": "compare, gap, 8cores,200M,modified_l3", "options": ["metadata_predictor0", "metadata_predictor1", "metadata_predictor2"], "benchmarks": ["bfs-road", "bfs-web", "bfs-kron", "bfs-urand", "bfs-twitter", "bc-road", "bc-web", "bc-kron", "bc-urand", "bc-twitter", "pr-road", "pr-web", "pr-kron", "pr-urand", "pr-twitter"], "time": "14:11", "date": "18-03-26", "id": "1522087885426"}, {"sim_name": "FromL2-F10B-R1B-COMPRATE-NOCONTENT-1CORE.ddr4-3200", "description": "base,gap,8cores,200M,modified_l3", "id": "1522087980963", "benchmarks": ["bfs-road.sg", "bfs-web.sg", "bfs-kron.sg", "bfs-urand.sg", "bfs-twitter.sg", "bc-road.sg", "bc-web.sg", "bc-kron.sg", "bc-urand.sg", "bc-twitter.sg", "pr-road.sg", "pr-web.sg", "pr-kron.sg", "pr-urand.sg", "pr-twitter.sg"], "time": "14:13", "date": "18-03-26", "options": ["numPCHs1", "numPCHs2"]}, {"sim_name": "FromL2-F10B-R1B-COMPRATE-NOCONTENT-1CORE.ddr4-3200", "description": "compare, gap, 8cores,200M,modified_l3", "options": ["metadata_predictor0", "metadata_predictor1", "metadata_predictor2"], "benchmarks": ["bfs-road.sg", "bfs-web.sg", "bfs-kron.sg", "bfs-urand.sg", "bfs-twitter.sg", "bc-road.sg", "bc-web.sg", "bc-kron.sg", "bc-urand.sg", "bc-twitter.sg", "pr-road.sg", "pr-web.sg", "pr-kron.sg", "pr-urand.sg", "pr-twitter.sg"], "time": "14:13", "date": "18-03-26", "id": "1522087985464"}, {"sim_name": "FromL2-F10B-R1B-COMPRATE-NOCONTENT.ddr4-3200", "description": "base,spec,8cores,200M,modified_l3", "id": "1522092287049", "benchmarks": ["GemsFDTD", "omnetpp", "soplex", "mcf", "lbm", "libquantum", "milc", "leslie3d", "sphinx3", "astar", "h264ref", "sjeng", "cactusADM", "zeusmp", "bwaves", "gcc", "bzip2", "xalancbmk"], "time": "15:24", "date": "18-03-26", "options": ["numPCHs1", "numPCHs2"]}, {"sim_name": "FromL2-F10B-R1B-COMPRATE-NOCONTENT.ddr4-3200", "description": "compare,spec,8cores,200m,modified_l3", "options": ["metadata_predictor0", "metadata_predictor1", "metadata_predictor2"], "benchmarks": ["GemsFDTD", "omnetpp", "soplex", "mcf", "lbm", "libquantum", "milc", "leslie3d", "sphinx3", "astar", "h264ref", "sjeng", "cactusADM", "zeusmp", "bwaves", "gcc", "bzip2", "xalancbmk"], "time": "15:24", "date": "18-03-26", "id": "1522092293136"}, {"sim_name": "FromL2-F10B-R1B-COMPRATE-NOCONTENT.ddr4-3200", "description": "base,spec,8cores,200M,modified_l3", "id": "1522096294534", "benchmarks": ["GemsFDTD", "omnetpp", "soplex", "mcf", "lbm", "libquantum", "milc", "leslie3d", "sphinx3", "astar", "h264ref", "sjeng", "cactusADM", "zeusmp", "bwaves", "gcc", "bzip2", "xalancbmk"], "time": "16:31", "date": "18-03-26", "options": ["numPCHs1", "numPCHs2"]}, {"sim_name": "FromL2-F10B-R1B-COMPRATE-NOCONTENT-1CORE.ddr4-3200", "description": "base,gap,8cores,200M,modified_l3", "options": ["numPCHs1", "numPCHs2"], "benchmarks": ["bfs-road.sg", "bfs-web.sg", "bfs-kron.sg", "bfs-urand.sg", "bfs-twitter.sg", "bc-road.sg", "bc-web.sg", "bc-kron.sg", "bc-urand.sg", "bc-twitter.sg", "pr-road.sg", "pr-web.sg", "pr-kron.sg", "pr-urand.sg", "pr-twitter.sg"], "time": "16:31", "date": "18-03-26", "id": "1522096300535"}, {"sim_name": "FromL2-SP-R1B-COMPRATE-NOCONTENT-1CORE-PROFILE2.ddr4-3200", "description": "base,spec,8cores,200M,modified_l3,new_simpoint", "id": "1522149560812", "benchmarks": ["GemsFDTD", "omnetpp", "soplex", "mcf", "lbm", "libquantum", "milc", "leslie3d", "sphinx3", "astar", "h264ref", "sjeng", "cactusADM", "zeusmp", "bwaves", "gcc", "bzip2", "xalancbmk"], "time": "07:19", "date": "18-03-27", "options": ["numPCHs1", "numPCHs2"]}, {"sim_name": "FromL2-SP-R1B-COMPRATE-NOCONTENT-1CORE-PROFILE2.ddr4-3200", "description": "compare,spec,8cores,200m,modified_l3,new_simpoint", "options": ["metadata_predictor0", "metadata_predictor1", "metadata_predictor2"], "benchmarks": ["GemsFDTD", "omnetpp", "soplex", "mcf", "lbm", "libquantum", "milc", "leslie3d", "sphinx3", "astar", "h264ref", "sjeng", "cactusADM", "zeusmp", "bwaves", "gcc", "bzip2", "xalancbmk"], "time": "07:19", "date": "18-03-27", "id": "1522149567836"}, {"sim_name": "FromL2-SP-R1B-COMPRATE-NOCONTENT-1CORE-PROFILE.ddr4-3200", "description": "base,gap,8cores,200M,modified_l3,new_simpoint", "id": "1522149577522", "benchmarks": ["bfs.road", "bfs.web", "bfs.kron", "bfs.urand", "bfs.twitter", "bc.road", "bc.web", "bc.kron", "bc.urand", "bc.twitter", "pr.road", "pr.web", "pr.kron", "pr.urand", "pr.twitter"], "time": "07:19", "date": "18-03-27", "options": ["numPCHs1", "numPCHs2"]}, {"sim_name": "FromL2-SP-R1B-COMPRATE-NOCONTENT-1CORE-PROFILE.ddr4-3200", "description": "compare, gap, 8cores,200M,modified_l3,new_simpoint", "options": ["metadata_predictor0", "metadata_predictor1", "metadata_predictor2"], "benchmarks": ["bfs.road", "bfs.web", "bfs.kron", "bfs.urand", "bfs.twitter", "bc.road", "bc.web", "bc.kron", "bc.urand", "bc.twitter", "pr.road", "pr.web", "pr.kron", "pr.urand", "pr.twitter"], "time": "07:19", "date": "18-03-27", "id": "1522149582561"}, {"sim_name": "FromL2-SP-R1B-COMPRATE-NOCONTENT-1CORE-PROFILE2.ddr4-3200", "description": "compare, gap, 8cores,200M,modified_l3,new_simpoint", "id": "1522158354083", "benchmarks": ["gups"], "time": "09:45", "date": "18-03-27", "options": ["metadata_predictor0", "metadata_predictor1", "metadata_predictor2"]}, {"sim_name": "FromL2-SP-R1B-COMPRATE-NOCONTENT-1CORE-PROFILE2.ddr4-3200", "description": "compare,spec,newsimpoint,8cores,200M,gups", "options": ["metadata_predictor0", "metadata_predictor1", "metadata_predictor2"], "benchmarks": ["gups"], "time": "16:36", "date": "18-03-27", "id": "1522183015314"}, {"sim_name": "FromL2-SP-R1B-COMPRATE-NOCONTENT-1CORE-PROFILE.ddr4-3200", "description": "base,gap_1thread,8cores,200m, newsimpoint,pr", "id": "1522195926549", "benchmarks": ["pr.road", "pr.web", "pr.kron", "pr.urand", "pr.twitter"], "time": "20:12", "date": "18-03-27", "options": ["numPCHs1", "numPCHs2"]}, {"sim_name": "FromL2-SP-R1B-COMPRATE-NOCONTENT-1CORE-PROFILE.ddr4-3200", "description": "compare,gap_1thread,8cores,200m,newsimpoint,pr", "options": ["metadata_predictor0", "metadata_predictor1", "metadata_predictor2"], "benchmarks": ["pr.road", "pr.web", "pr.kron", "pr.urand", "pr.twitter"], "time": "20:12", "date": "18-03-27", "id": "1522195979437"}, {"sim_name": "FromL2-SP-R1B-COMPRATE-NOCONTENT-1CORE-PROFILE2.ddr4-3200", "description": "l3_test", "id": "1522384894963", "benchmarks": ["libquantum", "mcf"], "time": "00:41", "date": "18-03-30", "options": ["L3CacheSize4", "L3CacheSize8", "L3CacheSize16", "L3CacheSize32", "L3CacheSize64", "L3CacheSize128", "L3CacheSize256"]}, {"sim_name": "FromL2-SP-R1B-COMPRATE-NOCONTENT-1CORE-PROFILE2.ddr4-3200", "description": "l3test", "options": ["L3CacheSize4", "L3CacheSize8", "L3CacheSize16", "L3CacheSize32", "L3CacheSize64", "L3CacheSize128", "L3CacheSize256"], "benchmarks": ["libquantum", "mcf"], "time": "00:52", "date": "18-03-30", "id": "1522385545566"}, {"sim_name": "FromL2-SP-R1B-COMPRATE-NOCONTENT-1CORE-PROFILE2.ddr4-3200", "description": "l3test", "id": "1522386724537", "benchmarks": ["libquantum", "mcf"], "time": "01:12", "date": "18-03-30", "options": ["L3CacheSize8", "L3CacheSize16", "L3CacheSize32", "L3CacheSize64", "L3CacheSize128", "L3CacheSize256"]}, {"sim_name": "FromL2-SP-R1B-COMPRATE-NOCONTENT-1CORE-PROFILE2.ddr4-3200", "description": "base,spec,8cores,200M,new_simpoint,correct_l3", "options": ["numPCHs1", "numPCHs2"], "benchmarks": ["GemsFDTD", "omnetpp", "soplex", "mcf", "lbm", "libquantum", "milc", "leslie3d", "sphinx3", "astar", "h264ref", "sjeng", "cactusADM", "zeusmp", "bwaves", "gcc", "bzip2", "xalancbmk"], "time": "01:43", "date": "18-03-30", "id": "1522388605548"}, {"sim_name": "FromL2-SP-R1B-COMPRATE-NOCONTENT-1CORE-PROFILE.ddr4-3200", "description": "base,gap,8cores,200M,new_simpoint,correct_l3", "id": "1522388612272", "benchmarks": ["pr.road", "pr.web", "pr.kron", "pr.urand", "pr.twitter"], "time": "01:43", "date": "18-03-30", "options": ["numPCHs1", "numPCHs2"]}, {"sim_name": "FromL2-SP-R1B-COMPRATE-NOCONTENT-1CORE-PROFILE2.ddr4-3200", "description": "compare,spec,8cores,200m,modified_l3,new_simpoint,correct_l3", "options": ["metadata_predictor0", "metadata_predictor1", "metadata_predictor2"], "benchmarks": ["GemsFDTD", "omnetpp", "soplex", "mcf", "lbm", "libquantum", "milc", "leslie3d", "sphinx3", "astar", "h264ref", "sjeng", "cactusADM", "zeusmp", "bwaves", "gcc", "bzip2", "xalancbmk"], "time": "07:43", "date": "18-03-30", "id": "1522410209140"}, {"sim_name": "FromL2-SP-R1B-COMPRATE-NOCONTENT-1CORE-PROFILE.ddr4-3200", "description": "compare, gap, 8cores,200M,modified_l3,new_simpoint,correct_l3", "id": "1522410219499", "benchmarks": ["pr.road", "pr.web", "pr.kron", "pr.urand", "pr.twitter"], "time": "07:43", "date": "18-03-30", "options": ["metadata_predictor0", "metadata_predictor1", "metadata_predictor2"]}, {"sim_name": "FromL2-SP-R1B-COMPRATE-NOCONTENT-1CORE-PROFILE.ddr4-3200", "description": "base,gap,8cores,corrected_l3,200M", "options": ["numPCHs1", "numPCHs2"], "benchmarks": ["bfs.road", "bfs.web", "bfs.kron", "bfs.urand", "bfs.twitter", "bc.road", "bc.web", "bc.kron", "bc.urand", "bc.twitter"], "time": "08:18", "date": "18-03-30", "id": "1522412306613"}, {"sim_name": "FromL2-SP-R1B-COMPRATE-NOCONTENT-1CORE-PROFILE.ddr4-3200", "description": "compare,gap_1thread,8cores,200M,corrected_l3", "id": "1522412355595", "benchmarks": ["bfs.road", "bfs.web", "bfs.kron", "bfs.urand", "bfs.twitter", "bc.road", "bc.web", "bc.kron", "bc.urand", "bc.twitter"], "time": "08:19", "date": "18-03-30", "options": ["metadata_predictor0", "metadata_predictor1", "metadata_predictor2"]}, {"sim_name": "FromL2-SP-R1B-COMPRATE-NOCONTENT-1CORE-PROFILE2.ddr4-2400", "description": "base,spec,8cores,200M,new_simpoint,correct_l3,ddr2400", "options": ["numPCHs1", "numPCHs2"], "benchmarks": ["GemsFDTD", "omnetpp", "soplex", "mcf", "lbm", "libquantum", "milc", "leslie3d", "sphinx3", "astar", "wrf", "h264ref", "sjeng", "cactusADM", "zeusmp", "bwaves", "gcc", "bzip2", "xalancbmk"], "time": "10:00", "date": "18-03-30", "id": "1522418439508"}, {"sim_name": "FromL2-SP-R1B-COMPRATE-NOCONTENT-1CORE-PROFILE.ddr4-2400", "description": "compare,spec,8cores,200m,modified_l3,new_simpoint,correct_l3.ddr2400", "id": "1522418446069", "benchmarks": ["bfs.road", "bfs.web", "bfs.kron", "bfs.urand", "bfs.twitter", "bc.road", "bc.web", "bc.kron", "bc.urand", "bc.twitter", "pr.road", "pr.web", "pr.kron", "pr.urand", "pr.twitter"], "time": "10:00", "date": "18-03-30", "options": ["numPCHs1", "numPCHs2"]}, {"sim_name": "FromL2-SP-R1B-COMPRATE-NOCONTENT-1CORE-PROFILE2.ddr4-2400", "description": "base,spec,8cores,200M,new_simpoint,correct_l3,ddr2400", "options": ["numPCHs1", "numPCHs2"], "benchmarks": ["GemsFDTD", "omnetpp", "soplex", "mcf", "lbm", "libquantum", "milc", "leslie3d", "sphinx3", "astar", "wrf", "h264ref", "sjeng", "cactusADM", "zeusmp", "bwaves", "gcc", "bzip2", "xalancbmk"], "time": "11:23", "date": "18-03-30", "id": "1522423420218"}, {"sim_name": "FromL2-SP-R1B-COMPRATE-NOCONTENT-1CORE-PROFILE.ddr4-2400", "description": "compare,spec,8cores,200m,modified_l3,new_simpoint,correct_l3.ddr2400", "id": "1522423426840", "benchmarks": ["bfs.road", "bfs.web", "bfs.kron", "bfs.urand", "bfs.twitter", "bc.road", "bc.web", "bc.kron", "bc.urand", "bc.twitter", "pr.road", "pr.web", "pr.kron", "pr.urand", "pr.twitter"], "time": "11:23", "date": "18-03-30", "options": ["numPCHs1", "numPCHs2"]}, {"sim_name": "FromL2-SP-R1B-COMPRATE-NOCONTENT-1CORE-NEW.ddr4-3200", "description": "base,spec,8cores,200M,new_simpoint,trace_memctrl,correct_l3", "options": ["numPCHs1", "numPCHs2"], "benchmarks": ["GemsFDTD", "omnetpp", "soplex", "mcf", "lbm", "libquantum", "milc", "leslie3d", "sphinx3", "astar", "wrf", "h264ref", "sjeng", "cactusADM", "zeusmp", "bwaves", "gcc", "bzip2", "xalancbmk"], "time": "22:52", "date": "18-04-01", "id": "1522637525788"}, {"sim_name": "FromL2-SP-R1B-COMPRATE-NOCONTENT-1CORE-NEW.ddr4-3200", "description": "compare,spec,8cores,200m,new_simpoint,trace_memctrl,correct_l3", "id": "1522637532641", "benchmarks": ["GemsFDTD", "omnetpp", "soplex", "mcf", "lbm", "libquantum", "milc", "leslie3d", "sphinx3", "astar", "wrf", "h264ref", "sjeng", "cactusADM", "zeusmp", "bwaves", "gcc", "bzip2", "xalancbmk"], "time": "22:52", "date": "18-04-01", "options": ["metadata_predictor0", "metadata_predictor1", "metadata_predictor2"]}, {"sim_name": "FromL2-SP-R1B-COMPRATE-NOCONTENT-1CORE-NEW.ddr4-3200", "description": "base,gap,8cores,200M,new_simpoint,trace_memctrl,correct_l3", "options": ["numPCHs1", "numPCHs2"], "benchmarks": ["bfs.road", "bfs.web", "bfs.kron", "bfs.urand", "bfs.twitter", "bc.road", "bc.web", "bc.kron", "bc.urand", "bc.twitter", "pr.road", "pr.web", "pr.kron", "pr.urand", "pr.twitter"], "time": "22:52", "date": "18-04-01", "id": "1522637542389"}, {"sim_name": "FromL2-SP-R1B-COMPRATE-NOCONTENT-1CORE-NEW.ddr4-3200", "description": "compare, gap, 8cores,200M,new_simpoint,trace_memctrl,correct_l3", "id": "1522637547640", "benchmarks": ["bfs.road", "bfs.web", "bfs.kron", "bfs.urand", "bfs.twitter", "bc.road", "bc.web", "bc.kron", "bc.urand", "bc.twitter", "pr.road", "pr.web", "pr.kron", "pr.urand", "pr.twitter"], "time": "22:52", "date": "18-04-01", "options": ["metadata_predictor0", "metadata_predictor1", "metadata_predictor2"]}, {"sim_name": "FromL2-SP-R1B-COMPRATE-NOCONTENT-1CORE-NEW.ddr4-3200", "description": "mix1,base", "options": ["numPCHs1", "numPCHs2"], "benchmarks": ["mix1-GemsFDTD.omnetpp.soplex.leslie3d.sjeng.gcc.xalancbmk.milc", "mix2-omnetpp.astar.GemsFDTD.milc.zeusmp.sphinx3.wrf.lbm", "mix3-soplex.mcf.xalancbmk.gcc.h264ref.GemsFDTD.zeusmp.omnetpp"], "time": "09:04", "date": "18-04-02", "id": "1522674285034"}, {"sim_name": "FromL2-SP-R1B-COMPRATE-NOCONTENT-1CORE-NEW.ddr4-3200", "description": "mix,compare", "id": "1522674357751", "benchmarks": ["mix1-GemsFDTD.omnetpp.soplex.leslie3d.sjeng.gcc.xalancbmk.milc", "mix2-omnetpp.astar.GemsFDTD.milc.zeusmp.sphinx3.wrf.lbm", "mix3-soplex.mcf.xalancbmk.gcc.h264ref.GemsFDTD.zeusmp.omnetpp"], "time": "09:05", "date": "18-04-02", "options": ["metadata_predictor0", "metadata_predictor1", "metadata_predictor2"]}, {"sim_name": "FromL2-SP-R1B-COMPRATE-NOCONTENT-1CORE-NEW.ddr4-3200", "description": "base,mix,8cores,200M,new_simpoint,trace_memctrl,correct_l3", "options": ["numPCHs1", "numPCHs2"], "benchmarks": ["mix1-GemsFDTD.omnetpp.soplex.leslie3d.sjeng.gcc.xalancbmk.milc", "mix2-omnetpp.astar.GemsFDTD.milc.zeusmp.sphinx3.cactusADM.lbm", "mix3-soplex.mcf.xalancbmk.gcc.h264ref.GemsFDTD.zeusmp.omnetpp"], "time": "10:32", "date": "18-04-02", "id": "1522679531165"}, {"sim_name": "FromL2-SP-R1B-COMPRATE-NOCONTENT-1CORE-NEW.ddr4-3200", "description": "compare, mix, 8cores,200M,new_simpoint,trace_memctrl,correct_l3", "id": "1522679532154", "benchmarks": ["mix1-GemsFDTD.omnetpp.soplex.leslie3d.sjeng.gcc.xalancbmk.milc", "mix2-omnetpp.astar.GemsFDTD.milc.zeusmp.sphinx3.cactusADM.lbm", "mix3-soplex.mcf.xalancbmk.gcc.h264ref.GemsFDTD.zeusmp.omnetpp"], "time": "10:32", "date": "18-04-02", "options": ["metadata_predictor0", "metadata_predictor1", "metadata_predictor2"]}, {"sim_name": "FromL2-SP-R1B-COMPRATE-NOCONTENT-1CORE-NEW.ddr4-3200", "description": "base,randstream,8cores", "options": ["numPCHs1", "numPCHs2"], "benchmarks": ["rand", "seq"], "time": "11:46", "date": "18-04-02", "id": "1522683987149"}, {"sim_name": "FromL2-SP-R1B-COMPRATE-NOCONTENT-1CORE-NEW.ddr4-3200", "description": "compare, randstream", "id": "1522683987992", "benchmarks": ["rand", "seq"], "time": "11:46", "date": "18-04-02", "options": ["metadata_predictor0", "metadata_predictor1", "metadata_predictor2"]}, {"sim_name": "FromL2-SP-R1B-COMPRATE-NOCONTENT-1CORE-NEW.ddr4-3200", "description": "base,mix,8cores,200M,new_simpoint,trace_memctrl,correct_l3", "options": ["numPCHs1", "numPCHs2"], "benchmarks": ["mix4", "mix5"], "time": "12:13", "date": "18-04-02", "id": "1522685615111"}, {"sim_name": "FromL2-SP-R1B-COMPRATE-NOCONTENT-1CORE-NEW.ddr4-3200", "description": "compare, mix, 8cores,200M,new_simpoint,trace_memctrl,correct_l3", "id": "1522685615780", "benchmarks": ["mix4", "mix5"], "time": "12:13", "date": "18-04-02", "options": ["metadata_predictor0", "metadata_predictor1", "metadata_predictor2"]}, {"sim_name": "FromL2-SP-R1B-COMPRATE-NOCONTENT-1CORE-NEW.ddr4-3200", "description": "base,randstream", "options": ["numPCHs1", "numPCHs2"], "benchmarks": ["rand", "seq"], "time": "12:58", "date": "18-04-02", "id": "1522688301940"}, {"sim_name": "FromL2-SP-R1B-COMPRATE-NOCONTENT-1CORE-NEW.ddr4-3200", "description": "compare, randstream", "id": "1522688302635", "benchmarks": [], "time": "12:58", "date": "18-04-02", "options": []}, {"sim_name": "FromL2-SP-R1B-COMPRATE-NOCONTENT-1CORE-NEW.ddr4-3200", "description": "base,randstream", "options": ["numPCHs1", "numPCHs2"], "benchmarks": ["rand", "seq"], "time": "13:26", "date": "18-04-02", "id": "1522690014418"}, {"sim_name": "FromL2-SP-R1B-COMPRATE-NOCONTENT-1CORE-NEW.ddr4-3200", "description": "compare,randstream", "id": "1522690015748", "benchmarks": ["rand", "seq"], "time": "13:26", "date": "18-04-02", "options": ["metadata_predictor0", "metadata_predictor1", "metadata_predictor2"]}, {"sim_name": "FromL2-SP-R1B-COMPRATE-NOCONTENT-1CORE-NEW.ddr4-3200", "description": "base,mix,8cores,200M,new_simpoint,trace_memctrl,correct_l3", "options": ["numPCHs1", "numPCHs2"], "benchmarks": ["mix4", "mix5"], "time": "13:34", "date": "18-04-02", "id": "1522690466183"}, {"sim_name": "FromL2-SP-R1B-COMPRATE-NOCONTENT-1CORE-NEW.ddr4-3200", "description": "compare, mix, 8cores,200M,new_simpoint,trace_memctrl,correct_l3", "id": "1522690467148", "benchmarks": ["mix4", "mix5"], "time": "13:34", "date": "18-04-02", "options": ["metadata_predictor0", "metadata_predictor1", "metadata_predictor2"]}, {"sim_name": "FromL2-SP-R1B-COMPRATE-NOCONTENT-1CORE-NEW.ddr4-3200", "description": "metacache,spec,8cores,200M,new_simpoint,trace_memctrl,correct_l3", "options": ["metacache_rownum1024", "metacache_rownum2048", "metacache_rownum4096", "metacache_rownum8192"], "benchmarks": ["GemsFDTD", "omnetpp", "soplex", "mcf", "lbm", "libquantum", "milc", "leslie3d", "sphinx3", "astar", "wrf", "h264ref", "sjeng", "cactusADM", "zeusmp", "bwaves", "gcc", "bzip2", "xalancbmk", "gups"], "time": "14:19", "date": "18-04-02", "id": "1522693192731"}, {"sim_name": "FromL2-SP-R1B-COMPRATE-NOCONTENT-1CORE-NEW.ddr4-3200", "description": "metacache,gap,8cores,200M,new_simpoint,trace_memctrl,correct_l3", "id": "1522693206319", "benchmarks": ["bfs.road", "bfs.web", "bfs.kron", "bfs.urand", "bfs.twitter", "bc.road", "bc.web", "bc.kron", "bc.urand", "bc.twitter", "pr.road", "pr.web", "pr.kron", "pr.urand", "pr.twitter"], "time": "14:20", "date": "18-04-02", "options": ["metacache_rownum1024", "metacache_rownum2048", "metacache_rownum4096", "metacache_rownum8192"]}, {"sim_name": "FromL2-SP-R1B-COMPRATE-NOCONTENT-1CORE-NEW.ddr4-3200", "description": "metacache,mix,8cores,200M,new_simpoint,trace_memctrl,correct_l3", "options": ["metacache_rownum1024", "metacache_rownum2048", "metacache_rownum4096", "metacache_rownum8192"], "benchmarks": ["mix4", "mix5"], "time": "14:20", "date": "18-04-02", "id": "1522693216749"}, {"sim_name": "FromL2-SP-R1B-COMPRATE-NOCONTENT-1CORE-NEW.ddr4-3200", "description": "metacache,randstream", "id": "1522693218009", "benchmarks": ["rand", "seq"], "time": "14:20", "date": "18-04-02", "options": ["metacache_rownum1024", "metacache_rownum2048", "metacache_rownum4096", "metacache_rownum8192"]}, {"sim_name": "FromL2-SP-R1B-COMPRATE-NOCONTENT-1CORE-NEW.ddr4-3200", "description": "base,mix,8cores,200M,new_simpoint,trace_memctrl,correct_l3", "options": ["numPCHs1", "numPCHs2"], "benchmarks": ["mix1", "mix2", "mix3"], "time": "21:17", "date": "18-04-02", "id": "1522718260577"}, {"sim_name": "FromL2-SP-R1B-COMPRATE-NOCONTENT-1CORE-NEW.ddr4-3200", "description": "compare, mix, 8cores,200M,new_simpoint,trace_memctrl,correct_l3", "id": "1522718262331", "benchmarks": ["mix1", "mix2", "mix3"], "time": "21:17", "date": "18-04-02", "options": ["metadata_predictor0", "metadata_predictor1", "metadata_predictor2"]}, {"sim_name": "FromL2-SP-R1B-COMPRATE-NOCONTENT-1CORE-NEW.ddr4-3200", "description": "metacache,mix,8cores,200M,new_simpoint,trace_memctrl,correct_l3", "options": ["metacache_rownum1024", "metacache_rownum2048", "metacache_rownum4096", "metacache_rownum8192"], "benchmarks": ["mix1", "mix2", "mix3"], "time": "21:17", "date": "18-04-02", "id": "1522718264490"}, {"sim_name": "FromL2-SP-R1B-COMPRATE-NOCONTENT-1CORE-NEW.ddr4-3200", "description": "mcache_repl,spec,8cores,200M,new_simpoint,trace_memctrl,correct_l3", "id": "1522758539171", "benchmarks": ["GemsFDTD", "omnetpp", "soplex", "mcf", "lbm", "libquantum", "milc", "leslie3d", "sphinx3", "astar", "h264ref", "sjeng", "cactusADM", "zeusmp", "bwaves", "gcc", "bzip2", "xalancbmk"], "time": "08:28", "date": "18-04-03", "options": ["metacache_rpl_policy0", "metacache_rpl_policy1", "metacache_rpl_policy3", "metacache_rpl_policy4", "metacache_rpl_policy5"]}, {"sim_name": "FromL2-SP-R1B-COMPRATE-NOCONTENT-1CORE-NEW.ddr4-3200", "description": "mcache_repl,randstream", "options": ["metacache_rpl_policy0", "metacache_rpl_policy1", "metacache_rpl_policy3", "metacache_rpl_policy4", "metacache_rpl_policy5"], "benchmarks": ["rand", "seq"], "time": "08:29", "date": "18-04-03", "id": "1522758553642"}, {"sim_name": "FromL2-SP-R1B-COMPRATE-NOCONTENT-1CORE-NEW.ddr4-3200", "description": "mcache_repl,spec,8cores,200M,new_simpoint,trace_memctrl,correct_l3", "id": "1522758594960", "benchmarks": ["GemsFDTD", "omnetpp", "soplex", "mcf", "lbm", "libquantum", "milc", "leslie3d", "sphinx3", "astar", "h264ref", "sjeng", "cactusADM", "zeusmp", "bwaves", "gcc", "bzip2", "xalancbmk"], "time": "08:29", "date": "18-04-03", "options": ["metacache_rpl_policy0", "metacache_rpl_policy1", "metacache_rpl_policy3", "metacache_rpl_policy4", "metacache_rpl_policy5"]}, {"sim_name": "FromL2-SP-R1B-COMPRATE-NOCONTENT-1CORE-NEW.ddr4-3200", "description": "mcache_repl,randstream", "options": ["metacache_rpl_policy0", "metacache_rpl_policy1", "metacache_rpl_policy3", "metacache_rpl_policy4", "metacache_rpl_policy5"], "benchmarks": ["rand", "seq"], "time": "08:30", "date": "18-04-03", "id": "1522758610465"}, {"sim_name": "FromL2-SP-R1B-COMPRATE-NOCONTENT-1CORE-NEW.ddr4-3200", "description": "base,spec,8cores,200M,new_simpoint,trace_memctrl,rand_page", "id": "1522771472451", "benchmarks": ["GemsFDTD", "omnetpp", "soplex", "mcf", "lbm", "libquantum", "milc", "leslie3d", "sphinx3", "astar", "h264ref", "sjeng", "cactusADM", "zeusmp", "bwaves", "gcc", "bzip2", "xalancbmk"], "time": "12:04", "date": "18-04-03", "options": ["numPCHs1", "numPCHs2"]}, {"sim_name": "FromL2-SP-R1B-COMPRATE-NOCONTENT-1CORE-NEW.ddr4-3200", "description": "compare,spec,8cores,200m,new_simpoint,trace_memctrl,rand_page", "options": ["metadata_predictor0", "metadata_predictor2"], "benchmarks": ["GemsFDTD", "omnetpp", "soplex", "mcf", "lbm", "libquantum", "milc", "leslie3d", "sphinx3", "astar", "h264ref", "sjeng", "cactusADM", "zeusmp", "bwaves", "gcc", "bzip2", "xalancbmk"], "time": "12:04", "date": "18-04-03", "id": "1522771479187"}, {"sim_name": "FromL2-SP-R1B-COMPRATE-NOCONTENT-1CORE-NEW.ddr4-3200", "description": "base,gap,8cores,200M,new_simpoint,trace_memctrl,rand_page", "id": "1522771485912", "benchmarks": ["bfs.road", "bfs.web", "bfs.kron", "bfs.urand", "bfs.twitter", "bc.road", "bc.web", "bc.kron", "bc.urand", "bc.twitter", "pr.road", "pr.web", "pr.kron", "pr.urand", "pr.twitter"], "time": "12:04", "date": "18-04-03", "options": ["numPCHs1", "numPCHs2"]}, {"sim_name": "FromL2-SP-R1B-COMPRATE-NOCONTENT-1CORE-NEW.ddr4-3200", "description": "compare, gap, 8cores,200M,new_simpoint,trace_memctrl,rand_page", "options": ["metadata_predictor0", "metadata_predictor2"], "benchmarks": ["bfs.road", "bfs.web", "bfs.kron", "bfs.urand", "bfs.twitter", "bc.road", "bc.web", "bc.kron", "bc.urand", "bc.twitter", "pr.road", "pr.web", "pr.kron", "pr.urand", "pr.twitter"], "time": "12:04", "date": "18-04-03", "id": "1522771491425"}, {"sim_name": "FromL2-SP-R1B-COMPRATE-NOCONTENT-1CORE-NEW.ddr4-3200", "description": "base,randstream", "id": "1522771496895", "benchmarks": ["rand", "seq"], "time": "12:04", "date": "18-04-03", "options": ["numPCHs1", "numPCHs2"]}, {"sim_name": "FromL2-SP-R1B-COMPRATE-NOCONTENT-1CORE-NEW.ddr4-3200", "description": "compare,randstream", "options": ["metadata_predictor0", "metadata_predictor2"], "benchmarks": ["rand", "seq"], "time": "12:04", "date": "18-04-03", "id": "1522771497539"}, {"sim_name": "FromL2-SP-R1B-COMPRATE-NOCONTENT-1CORE-NEW.ddr4-3200", "description": "metacache,spec,8cores,200M,new_simpoint,trace_memctrl,rand_page", "id": "1522771498177", "benchmarks": ["GemsFDTD", "omnetpp", "soplex", "mcf", "lbm", "libquantum", "milc", "leslie3d", "sphinx3", "astar", "h264ref", "sjeng", "cactusADM", "zeusmp", "bwaves", "gcc", "bzip2", "xalancbmk"], "time": "12:04", "date": "18-04-03", "options": ["metacache_rownum1024", "metacache_rownum2048", "metacache_rownum4096", "metacache_rownum8192"]}, {"sim_name": "FromL2-SP-R1B-COMPRATE-NOCONTENT-1CORE-NEW.ddr4-3200", "description": "metacache,gap,8cores,200M,new_simpoint,trace_memctrl,rand_page", "options": ["metacache_rownum1024", "metacache_rownum2048", "metacache_rownum4096", "metacache_rownum8192"], "benchmarks": ["bfs.road", "bfs.web", "bfs.kron", "bfs.urand", "bfs.twitter", "bc.road", "bc.web", "bc.kron", "bc.urand", "bc.twitter", "pr.road", "pr.web", "pr.kron", "pr.urand", "pr.twitter"], "time": "12:05", "date": "18-04-03", "id": "1522771510032"}, {"sim_name": "FromL2-SP-R1B-COMPRATE-NOCONTENT-1CORE-NEW.ddr4-3200", "description": "metacache,randstream", "id": "1522771521393", "benchmarks": ["rand", "seq"], "time": "12:05", "date": "18-04-03", "options": ["metacache_rownum1024", "metacache_rownum2048", "metacache_rownum4096", "metacache_rownum8192"]}, {"sim_name": "FromL2-SP-R1B-COMPRATE-NOCONTENT-1CORE-NEW.ddr4-3200", "description": "mcache_repl,spec,8cores,200M,new_simpoint,trace_memctrl,rand_page", "options": ["metacache_rpl_policy0", "metacache_rpl_policy1", "metacache_rpl_policy3", "metacache_rpl_policy4", "metacache_rpl_policy5"], "benchmarks": ["GemsFDTD", "omnetpp", "soplex", "mcf", "lbm", "libquantum", "milc", "leslie3d", "sphinx3", "astar", "h264ref", "sjeng", "cactusADM", "zeusmp", "bwaves", "gcc", "bzip2", "xalancbmk"], "time": "12:05", "date": "18-04-03", "id": "1522771522641"}, {"sim_name": "FromL2-SP-R1B-COMPRATE-NOCONTENT-1CORE-NEW.ddr4-3200", "description": "mcache_repl,gap,8cores,200M,new_simpoint,trace_memctrl,rand_page", "id": "1522771538306", "benchmarks": ["bfs.road", "bfs.web", "bfs.kron", "bfs.urand", "bfs.twitter", "bc.road", "bc.web", "bc.kron", "bc.urand", "bc.twitter", "pr.road", "pr.web", "pr.kron", "pr.urand", "pr.twitter"], "time": "12:05", "date": "18-04-03", "options": ["metacache_rpl_policy0", "metacache_rpl_policy1", "metacache_rpl_policy3", "metacache_rpl_policy4", "metacache_rpl_policy5"]}, {"sim_name": "FromL2-SP-R1B-COMPRATE-NOCONTENT-1CORE-NEW.ddr4-3200", "description": "mcache_repl,randstream,radn_page", "options": ["metacache_rpl_policy0", "metacache_rpl_policy1", "metacache_rpl_policy3", "metacache_rpl_policy4", "metacache_rpl_policy5"], "benchmarks": ["rand", "seq"], "time": "12:05", "date": "18-04-03", "id": "1522771551549"}, {"sim_name": "FromL2-SP-R1B-COMPRATE-NOCONTENT-1CORE-NEW.ddr4-3200", "description": "test", "id": "1522775814997", "benchmarks": ["omnetpp"], "time": "13:16", "date": "18-04-03", "options": ["global_entry_num2", "global_entry_num8", "global_entry_num16", "global_entry_num32", "global_entry_num64", "global_entry_num128"]}, {"sim_name": "FromL2-SP-R1B-COMPRATE-NOCONTENT-1CORE-NEW.ddr4-3200", "description": "test", "options": ["global_entry_num2", "global_entry_num8", "global_entry_num16", "global_entry_num32", "global_entry_num64", "global_entry_num128"], "benchmarks": ["omnetpp"], "time": "13:18", "date": "18-04-03", "id": "1522775927405"}, {"sim_name": "FromL2-SP-R1B-COMPRATE-NOCONTENT-1CORE-NEW.ddr4-3200", "description": "test,10M", "id": "1522776763938", "benchmarks": ["omnetpp"], "time": "13:32", "date": "18-04-03", "options": ["global_entry_num2", "global_entry_num8", "global_entry_num16", "global_entry_num32", "global_entry_num64", "global_entry_num128"]}, {"sim_name": "FromL2-SP-R1B-COMPRATE-NOCONTENT-1CORE-NEW.ddr4-3200", "description": "test,1M", "options": ["global_entry_num2", "global_entry_num8", "global_entry_num16", "global_entry_num32", "global_entry_num64", "global_entry_num128"], "benchmarks": ["omnetpp"], "time": "13:33", "date": "18-04-03", "id": "1522776812551"}, {"sim_name": "FromL2-SP-R1B-COMPRATE-NOCONTENT-1CORE-NEW.ddr4-3200", "description": "test,global_predictor_statistic", "id": "1522780322557", "benchmarks": ["omnetpp"], "time": "14:32", "date": "18-04-03", "options": ["global_entry_num2", "global_entry_num8", "global_entry_num16", "global_entry_num32", "global_entry_num64", "global_entry_num128"]}, {"sim_name": "FromL2-SP-R1B-COMPRATE-NOCONTENT-1CORE-NEW.ddr4-3200", "description": "test, more page predictor", "options": ["ropr_entry_num65536", "ropr_entry_num131072"], "benchmarks": ["omnetpp"], "time": "14:33", "date": "18-04-03", "id": "1522780388909"}, {"sim_name": "FromL2-SP-R1B-COMPRATE-NOCONTENT-1CORE-NEW.ddr4-3200", "description": "test, more page predictor,10M", "id": "1522781124950", "benchmarks": ["omnetpp"], "time": "14:45", "date": "18-04-03", "options": ["ropr_entry_num65536", "ropr_entry_num131072"]}, {"sim_name": "FromL2-SP-R1B-COMPRATE-NOCONTENT-1CORE-NEW.ddr4-3200", "description": "test, more page", "options": ["ropr_entry_num8192", "ropr_entry_num16384", "ropr_entry_num32768", "ropr_entry_num65536", "ropr_entry_num131072"], "benchmarks": ["omnetpp"], "time": "14:58", "date": "18-04-03", "id": "1522781922885"}, {"sim_name": "FromL2-SP-R1B-COMPRATE-NOCONTENT-1CORE-NEW.ddr4-3200", "description": "test, global predictor", "id": "1522782624607", "benchmarks": ["omnetpp"], "time": "15:10", "date": "18-04-03", "options": ["ropr_entry_num0", "ropr_entry_num2", "ropr_entry_num8", "ropr_entry_num256"]}, {"sim_name": "FromL2-SP-R1B-COMPRATE-NOCONTENT-1CORE-NEW.ddr4-3200", "description": "test,global predictor", "options": ["global_entry_num0", "global_entry_num2", "global_entry_num8", "global_entry_num256"], "benchmarks": ["omnetpp"], "time": "15:11", "date": "18-04-03", "id": "1522782662239"}, {"sim_name": "FromL2-SP-R1B-COMPRATE-NOCONTENT-1CORE-NEW.ddr4-3200", "description": "test, global predictor effect", "id": "1522783094336", "benchmarks": ["omnetpp"], "time": "15:18", "date": "18-04-03", "options": ["global_entry_num0", "global_entry_num2", "global_entry_num8", "global_entry_num256"]}, {"sim_name": "FromL2-SP-R1B-COMPRATE-NOCONTENT-1CORE-NEW.ddr4-3200", "description": "test, multiple col, row predictor", "options": ["ropr_col_num1", "ropr_col_num4"], "benchmarks": ["omnetpp"], "time": "16:03", "date": "18-04-03", "id": "1522785802973"}, {"sim_name": "FromL2-SP-R1B-COMPRATE-NOCONTENT-1CORE-NEW.ddr4-3200", "description": "metacache,spec,8cores,200M,new_simpoint,trace_memctrl,rand_page", "id": "1522786762477", "benchmarks": ["GemsFDTD", "omnetpp", "soplex", "mcf", "lbm", "libquantum", "milc", "leslie3d", "sphinx3", "astar", "h264ref", "sjeng", "cactusADM", "zeusmp", "bwaves", "gcc", "bzip2", "xalancbmk"], "time": "16:19", "date": "18-04-03", "options": ["metacache_rownum1024", "metacache_rownum2048", "metacache_rownum4096", "metacache_rownum8192"]}, {"sim_name": "FromL2-SP-R1B-COMPRATE-NOCONTENT-1CORE-NEW.ddr4-3200", "description": "metacache,gap,8cores,200M,new_simpoint,trace_memctrl,rand_page", "options": ["metacache_rownum1024", "metacache_rownum2048", "metacache_rownum4096", "metacache_rownum8192"], "benchmarks": ["bfs.road", "bfs.web", "bfs.kron", "bfs.urand", "bfs.twitter", "bc.road", "bc.web", "bc.kron", "bc.urand", "bc.twitter", "pr.road", "pr.web", "pr.kron", "pr.urand", "pr.twitter"], "time": "16:19", "date": "18-04-03", "id": "1522786774465"}, {"sim_name": "FromL2-SP-R1B-COMPRATE-NOCONTENT-1CORE-NEW.ddr4-3200", "description": "metacache,randstream", "id": "1522786784421", "benchmarks": ["rand", "seq"], "time": "16:19", "date": "18-04-03", "options": ["metacache_rownum1024", "metacache_rownum2048", "metacache_rownum4096", "metacache_rownum8192"]}, {"sim_name": "FromL2-SP-R1B-COMPRATE-NOCONTENT-1CORE-NEW.ddr4-3200", "description": "mcache_repl,spec,8cores,1M,new_simpoint,trace_memctrl,rand_page,ropr_rownum", "options": ["ropr_entry_num8192", "ropr_entry_num16384", "ropr_entry_num32768", "ropr_entry_num65536", "ropr_entry_num131072"], "benchmarks": ["GemsFDTD", "omnetpp", "soplex", "mcf", "lbm", "libquantum", "milc", "leslie3d", "sphinx3", "astar", "h264ref", "sjeng", "cactusADM", "zeusmp", "bwaves", "gcc", "bzip2", "xalancbmk", "bfs.road", "bfs.web", "bfs.kron", "bfs.urand", "bfs.twitter", "bc.road", "bc.web", "bc.kron", "bc.urand", "bc.twitter", "pr.road", "pr.web", "pr.kron", "pr.urand", "pr.twitter", "rand", "seq"], "time": "16:50", "date": "18-04-03", "id": "1522788654625"}, {"sim_name": "FromL2-SP-R1B-COMPRATE-NOCONTENT-1CORE-NEW.ddr4-3200", "description": "mcache_repl,spec,8cores,1M,new_simpoint,trace_memctrl,rand_page,ropr_col", "id": "1522788682866", "benchmarks": ["GemsFDTD", "omnetpp", "soplex", "mcf", "lbm", "libquantum", "milc", "leslie3d", "sphinx3", "astar", "h264ref", "sjeng", "cactusADM", "zeusmp", "bwaves", "gcc", "bzip2", "xalancbmk", "bfs.road", "bfs.web", "bfs.kron", "bfs.urand", "bfs.twitter", "bc.road", "bc.web", "bc.kron", "bc.urand", "bc.twitter", "pr.road", "pr.web", "pr.kron", "pr.urand", "pr.twitter", "rand", "seq"], "time": "16:51", "date": "18-04-03", "options": ["ropr_col_num1", "ropr_col_num2", "ropr_col_num4", "ropr_col_num8"]}, {"sim_name": "FromL2-SP-R1B-COMPRATE-NOCONTENT-1CORE-NEW.ddr4-3200", "description": "mcache_repl,spec,8cores,1M,new_simpoint,trace_memctrl,rand_page,ropr_col", "options": ["ropr_col_num1", "ropr_col_num2", "ropr_col_num4", "ropr_col_num8"], "benchmarks": ["GemsFDTD", "omnetpp", "soplex", "mcf", "lbm", "libquantum", "milc", "leslie3d", "sphinx3", "astar", "h264ref", "sjeng", "cactusADM", "zeusmp", "bwaves", "gcc", "bzip2", "xalancbmk", "bfs.road", "bfs.web", "bfs.kron", "bfs.urand", "bfs.twitter", "bc.road", "bc.web", "bc.kron", "bc.urand", "bc.twitter", "pr.road", "pr.web", "pr.kron", "pr.urand", "pr.twitter", "rand", "seq"], "time": "17:15", "date": "18-04-03", "id": "1522790144474"}, {"sim_name": "FromL2-SP-R1B-COMPRATE-NOCONTENT-1CORE-NEW.ddr4-3200", "description": "attache,all,8cores,200M,new_simpoint,trace_memctrl,rand_page,ropr_rownum", "id": "1522791888057", "benchmarks": ["GemsFDTD", "omnetpp", "soplex", "mcf", "lbm", "libquantum", "milc", "leslie3d", "sphinx3", "astar", "h264ref", "sjeng", "cactusADM", "zeusmp", "bwaves", "gcc", "bzip2", "xalancbmk", "bfs.road", "bfs.web", "bfs.kron", "bfs.urand", "bfs.twitter", "bc.road", "bc.web", "bc.kron", "bc.urand", "bc.twitter", "pr.road", "pr.web", "pr.kron", "pr.urand", "pr.twitter"], "time": "17:44", "date": "18-04-03", "options": ["ropr_entry_num8192", "ropr_entry_num16384", "ropr_entry_num32768", "ropr_entry_num65536"]}, {"sim_name": "FromL2-SP-R1B-COMPRATE-NOCONTENT-1CORE-NEW.ddr4-3200", "description": "attache,all,8cores,200M,new_simpoint,trace_memctrl,rand_page,ropr_col", "options": ["ropr_col_num1", "ropr_col_num2", "ropr_col_num4", "ropr_col_num8", "ropr_col_num16"], "benchmarks": ["GemsFDTD", "omnetpp", "soplex", "mcf", "lbm", "libquantum", "milc", "leslie3d", "sphinx3", "astar", "h264ref", "sjeng", "cactusADM", "zeusmp", "bwaves", "gcc", "bzip2", "xalancbmk", "bfs.road", "bfs.web", "bfs.kron", "bfs.urand", "bfs.twitter", "bc.road", "bc.web", "bc.kron", "bc.urand", "bc.twitter", "pr.road", "pr.web", "pr.kron", "pr.urand", "pr.twitter"], "time": "17:45", "date": "18-04-03", "id": "1522791909651"}, {"sim_name": "FromL2-SP-R1B-COMPRATE-NOCONTENT-1CORE-NEW.ddr4-3200", "description": "test,mix", "id": "1522800490861", "benchmarks": ["mix3"], "time": "20:08", "date": "18-04-03", "options": ["numPCHs1", "numPCHs2"]}, {"sim_name": "FromL2-SP-R1B-COMPRATE-NOCONTENT-1CORE-NEW.ddr4-3200", "description": "test,mix", "options": ["numPCHs1", "numPCHs2"], "benchmarks": ["mix3"], "time": "20:12", "date": "18-04-03", "id": "1522800732054"}, {"sim_name": "FromL2-SP-R1B-COMPRATE-NOCONTENT-1CORE-NEW.ddr4-3200", "description": "mix,memcheck", "id": "1522802965780", "benchmarks": ["mix3"], "time": "20:49", "date": "18-04-03", "options": ["numPCHs1", "numPCHs2"]}, {"sim_name": "FromL2-SP-R1B-COMPRATE-NOCONTENT-1CORE-NEW.ddr4-3200", "description": "mix,base,8core", "options": ["numPCHs1", "numPCHs2"], "benchmarks": ["mix1", "mix2", "mix3"], "time": "21:10", "date": "18-04-03", "id": "1522804213266"}, {"sim_name": "FromL2-SP-R1B-COMPRATE-NOCONTENT-1CORE-NEW.ddr4-3200", "description": "base,mix,8cores,200M,new_simpoint,trace_memctrl,rand_page", "id": "1522809167168", "benchmarks": ["mix1", "mix2", "mix3"], "time": "22:32", "date": "18-04-03", "options": ["numPCHs1", "numPCHs2"]}, {"sim_name": "FromL2-SP-R1B-COMPRATE-NOCONTENT-1CORE-NEW.ddr4-3200", "description": "compare, mix, 8cores,200M,new_simpoint,trace_memctrl,rand_page", "options": ["metadata_predictor0"], "benchmarks": ["mix1", "mix2", "mix3"], "time": "22:32", "date": "18-04-03", "id": "1522809168145"}, {"sim_name": "FromL2-SP-R1B-COMPRATE-NOCONTENT-1CORE-NEW.ddr4-3200", "description": "metacache,mix,8cores,200M,new_simpoint,trace_memctrl,rand_page", "id": "1522809168637", "benchmarks": ["mix1", "mix2", "mix3"], "time": "22:32", "date": "18-04-03", "options": ["metacache_rownum1024", "metacache_rownum2048", "metacache_rownum4096", "metacache_rownum8192"]}, {"sim_name": "FromL2-SP-R1B-COMPRATE-NOCONTENT-1CORE-NEW.ddr4-3200", "description": "mcache_repl,mix,8cores,200M,new_simpoint,trace_memctrl,rand_page", "options": ["metacache_rpl_policy0", "metacache_rpl_policy1", "metacache_rpl_policy3", "metacache_rpl_policy4", "metacache_rpl_policy5"], "benchmarks": ["mix1", "mix2", "mix3"], "time": "22:32", "date": "18-04-03", "id": "1522809170903"}, {"sim_name": "FromL2-SP-R1B-COMPRATE-NOCONTENT-1CORE-NEW.ddr4-3200", "description": "attache,mix,8cores,200M,new_simpoint,trace_memctrl,rand_page,ropr_rownum", "id": "1522809173246", "benchmarks": ["mix1", "mix2", "mix3"], "time": "22:32", "date": "18-04-03", "options": ["ropr_entry_num8192", "ropr_entry_num16384", "ropr_entry_num32768", "ropr_entry_num65536"]}, {"sim_name": "FromL2-SP-R1B-COMPRATE-NOCONTENT-1CORE-NEW.ddr4-3200", "description": "attache,mix,8cores,200M,new_simpoint,trace_memctrl,rand_page,ropr_col", "options": ["ropr_col_num1", "ropr_col_num2", "ropr_col_num4", "ropr_col_num8", "ropr_col_num16"], "benchmarks": ["mix1", "mix2", "mix3"], "time": "22:32", "date": "18-04-03", "id": "1522809175023"}, {"sim_name": "FromL2-SP-R1B-COMPRATE-NOCONTENT-1CORE-NEW.ddr4-3200", "description": "base,mix,8cores,200M,new_simpoint,trace_memctrl,rand_page", "id": "1522809425265", "benchmarks": ["mix1", "mix2", "mix3"], "time": "22:37", "date": "18-04-03", "options": ["numPCHs1", "numPCHs2"]}, {"sim_name": "FromL2-SP-R1B-COMPRATE-NOCONTENT-1CORE-NEW.ddr4-3200", "description": "compare, mix, 8cores,200M,new_simpoint,trace_memctrl,rand_page", "options": ["metadata_predictor0"], "benchmarks": ["mix1", "mix2", "mix3"], "time": "22:37", "date": "18-04-03", "id": "1522809426266"}, {"sim_name": "FromL2-SP-R1B-COMPRATE-NOCONTENT-1CORE-NEW.ddr4-3200", "description": "metacache,mix,8cores,200M,new_simpoint,trace_memctrl,rand_page", "id": "1522809426756", "benchmarks": ["mix1", "mix2", "mix3"], "time": "22:37", "date": "18-04-03", "options": ["metacache_rownum1024", "metacache_rownum2048", "metacache_rownum4096", "metacache_rownum8192"]}, {"sim_name": "FromL2-SP-R1B-COMPRATE-NOCONTENT-1CORE-NEW.ddr4-3200", "description": "mcache_repl,mix,8cores,200M,new_simpoint,trace_memctrl,rand_page", "options": ["metacache_rpl_policy0", "metacache_rpl_policy1", "metacache_rpl_policy3", "metacache_rpl_policy4", "metacache_rpl_policy5"], "benchmarks": ["mix1", "mix2", "mix3"], "time": "22:37", "date": "18-04-03", "id": "1522809428951"}, {"sim_name": "FromL2-SP-R1B-COMPRATE-NOCONTENT-1CORE-NEW.ddr4-3200", "description": "attache,mix,8cores,200M,new_simpoint,trace_memctrl,rand_page,ropr_rownum", "id": "1522809431624", "benchmarks": ["mix1", "mix2", "mix3"], "time": "22:37", "date": "18-04-03", "options": ["ropr_entry_num8192", "ropr_entry_num16384", "ropr_entry_num32768", "ropr_entry_num65536"]}, {"sim_name": "FromL2-SP-R1B-COMPRATE-NOCONTENT-1CORE-NEW.ddr4-3200", "description": "attache,mix,8cores,200M,new_simpoint,trace_memctrl,rand_page,ropr_col", "options": ["ropr_col_num1", "ropr_col_num2", "ropr_col_num4", "ropr_col_num8", "ropr_col_num16"], "benchmarks": ["mix1", "mix2", "mix3"], "time": "22:37", "date": "18-04-03", "id": "1522809433394"}, {"sim_name": "FromL2-SP-R1B-COMPRATE-NOCONTENT-1CORE-NEW.ddr4-3200", "description": "attache,randstream,8cores,200M,new_simpoint,trace_memctrl,rand_page,ropr_rownum", "id": "1522822179346", "benchmarks": ["rand", "seq"], "time": "02:09", "date": "18-04-04", "options": ["ropr_entry_num8192", "ropr_entry_num16384", "ropr_entry_num32768", "ropr_entry_num65536"]}, {"sim_name": "FromL2-SP-R1B-COMPRATE-NOCONTENT-1CORE-NEW.ddr4-3200", "description": "attache,randstream,8cores,200M,new_simpoint,trace_memctrl,rand_page,ropr_col", "options": ["ropr_col_num1", "ropr_col_num2", "ropr_col_num4", "ropr_col_num8", "ropr_col_num16"], "benchmarks": ["rand", "seq"], "time": "02:09", "date": "18-04-04", "id": "1522822180703"}, {"sim_name": "FromL2-SP-R1B-COMPRATE-NOCONTENT-1CORE-NEW.ddr4-3200", "description": "attache,randstream,8cores,200M,new_simpoint,trace_memctrl,rand_page,ropr_rownum", "id": "1522822539403", "benchmarks": ["rand", "seq"], "time": "02:15", "date": "18-04-04", "options": ["ropr_entry_num8192", "ropr_entry_num16384", "ropr_entry_num32768", "ropr_entry_num65536"]}, {"sim_name": "FromL2-SP-R1B-COMPRATE-NOCONTENT-1CORE-NEW.ddr4-3200", "description": "attache,randstream,8cores,200M,new_simpoint,trace_memctrl,rand_page,ropr_col", "options": ["ropr_col_num1", "ropr_col_num2", "ropr_col_num4", "ropr_col_num8", "ropr_col_num16"], "benchmarks": ["rand", "seq"], "time": "02:15", "date": "18-04-04", "id": "1522822540672"}, {"sim_name": "FromL2-SP-R1B-COMPRATE-NOCONTENT-1CORE-NEW.ddr4-3200", "description": "attache,randstream,8cores,200M,new_simpoint,trace_memctrl,rand_page,ropr_rownum", "id": "1522826057520", "benchmarks": ["rand", "seq"], "time": "03:14", "date": "18-04-04", "options": ["ropr_entry_num8192", "ropr_entry_num16384", "ropr_entry_num32768", "ropr_entry_num65536"]}, {"sim_name": "FromL2-SP-R1B-COMPRATE-NOCONTENT-1CORE-NEW.ddr4-3200", "description": "attache,randstream,8cores,200M,new_simpoint,trace_memctrl,rand_page,ropr_col", "options": ["ropr_col_num1", "ropr_col_num2", "ropr_col_num4", "ropr_col_num8", "ropr_col_num16"], "benchmarks": ["rand", "seq"], "time": "03:14", "date": "18-04-04", "id": "1522826059425"}, {"sim_name": "FromL2-SP-R1B-COMPRATE-NOCONTENT-1CORE-NEW.ddr4-3200", "description": "attache,global predictor,all,8cores,200M", "id": "1522826276834", "benchmarks": ["GemsFDTD", "omnetpp", "soplex", "mcf", "lbm", "libquantum", "milc", "leslie3d", "sphinx3", "astar", "h264ref", "sjeng", "cactusADM", "zeusmp", "bwaves", "gcc", "bzip2", "xalancbmk", "mix1", "mix2", "mix3", "bfs.road", "bfs.web", "bfs.kron", "bfs.urand", "bfs.twitter", "bc.road", "bc.web", "bc.kron", "bc.urand", "bc.twitter", "pr.road", "pr.web", "pr.kron", "pr.urand", "pr.twitter", "rand", "seq"], "time": "03:17", "date": "18-04-04", "options": ["global_entry_num0", "global_entry_num2", "global_entry_num8", "global_entry_num16", "global_entry_num64"]}, {"sim_name": "FromL2-SP-R1B-COMPRATE-NOCONTENT-1CORE-NEW.ddr4-3200", "description": "base,all,8cores,200M,fixed_energy", "options": ["numPCHs1"], "benchmarks": ["mix1", "mix2", "mix3", "mix4", "mcf", "GemsFDTD", "omnetpp", "soplex", "lbm", "libquantum", "milc", "leslie3d", "sphinx3", "astar", "h264ref", "sjeng", "cactusADM", "zeusmp", "bwaves", "gcc", "bzip2", "xalancbmk", "bfs.road", "bfs.web", "bfs.kron", "bfs.urand", "bfs.twitter", "bc.road", "bc.web", "bc.kron", "bc.urand", "bc.twitter", "pr.road", "pr.web", "pr.kron", "pr.urand", "pr.twitter", "rand", "seq"], "time": "04:32", "date": "18-04-04", "id": "1522830745977"}, {"sim_name": "FromL2-SP-R1B-COMPRATE-NOCONTENT-1CORE-NEW.ddr4-3200", "description": "ideal,all,8cores,200M,fixed_energy", "id": "1522830752266", "benchmarks": ["mix1", "mix2", "mix3", "mix4", "mcf", "GemsFDTD", "omnetpp", "soplex", "lbm", "libquantum", "milc", "leslie3d", "sphinx3", "astar", "h264ref", "sjeng", "cactusADM", "zeusmp", "bwaves", "gcc", "bzip2", "xalancbmk", "bfs.road", "bfs.web", "bfs.kron", "bfs.urand", "bfs.twitter", "bc.road", "bc.web", "bc.kron", "bc.urand", "bc.twitter", "pr.road", "pr.web", "pr.kron", "pr.urand", "pr.twitter", "rand", "seq"], "time": "04:32", "date": "18-04-04", "options": ["metadata_predictor0"]}, {"sim_name": "FromL2-SP-R1B-COMPRATE-NOCONTENT-1CORE-NEW.ddr4-3200", "description": "metacache,all,8cores,200M,fixed_energy", "options": ["metacache_rownum1024", "metacache_rownum2048", "metacache_rownum4096", "metacache_rownum8192"], "benchmarks": ["mix1", "mix2", "mix3", "mix4", "mcf", "GemsFDTD", "omnetpp", "soplex", "lbm", "libquantum", "milc", "leslie3d", "sphinx3", "astar", "h264ref", "sjeng", "cactusADM", "zeusmp", "bwaves", "gcc", "bzip2", "xalancbmk", "bfs.road", "bfs.web", "bfs.kron", "bfs.urand", "bfs.twitter", "bc.road", "bc.web", "bc.kron", "bc.urand", "bc.twitter", "pr.road", "pr.web", "pr.kron", "pr.urand", "pr.twitter", "rand", "seq"], "time": "04:32", "date": "18-04-04", "id": "1522830759476"}, {"sim_name": "FromL2-SP-R1B-COMPRATE-NOCONTENT-1CORE-NEW.ddr4-3200", "description": "attache,rownum,all,8cores,200M,fixed_energy", "id": "1522830784927", "benchmarks": ["mix1", "mix2", "mix3", "mix4", "GemsFDTD", "omnetpp", "soplex", "mcf", "lbm", "libquantum", "milc", "leslie3d", "sphinx3", "astar", "h264ref", "sjeng", "cactusADM", "zeusmp", "bwaves", "gcc", "bzip2", "xalancbmk", "bfs.road", "bfs.web", "bfs.kron", "bfs.urand", "bfs.twitter", "bc.road", "bc.web", "bc.kron", "bc.urand", "bc.twitter", "pr.road", "pr.web", "pr.kron", "pr.urand", "pr.twitter", "rand", "seq"], "time": "04:33", "date": "18-04-04", "options": ["ropr_entry_num8192", "ropr_entry_num16384", "ropr_entry_num32768", "ropr_entry_num65536"]}, {"sim_name": "FromL2-SP-R1B-COMPRATE-NOCONTENT-1CORE-NEW.ddr4-3200", "description": "attache,colnum,all,8cores,200M,fixed_energy", "options": ["ropr_col_num1", "ropr_col_num2", "ropr_col_num4", "ropr_col_num8"], "benchmarks": ["mix1", "mix2", "mix3", "mix4", "GemsFDTD", "omnetpp", "soplex", "mcf", "lbm", "libquantum", "milc", "leslie3d", "sphinx3", "astar", "h264ref", "sjeng", "cactusADM", "zeusmp", "bwaves", "gcc", "bzip2", "xalancbmk", "bfs.road", "bfs.web", "bfs.kron", "bfs.urand", "bfs.twitter", "bc.road", "bc.web", "bc.kron", "bc.urand", "bc.twitter", "pr.road", "pr.web", "pr.kron", "pr.urand", "pr.twitter", "rand", "seq"], "time": "04:33", "date": "18-04-04", "id": "1522830808759"}, {"sim_name": "FromL2-SP-R1B-COMPRATE-NOCONTENT-1CORE-NEW.ddr4-3200", "description": "attache,test,energy", "id": "1522853364787", "benchmarks": ["GemsFDTD"], "time": "10:49", "date": "18-04-04", "options": ["ropr_col_num4"]}, {"sim_name": "FromL2-SP-R1B-COMPRATE-NOCONTENT-1CORE-NEW.ddr4-3200", "description": "metacache,test,energy", "options": ["metacache_rownum1024", "metacache_rownum2048", "metacache_rownum4096", "metacache_rownum8192"], "benchmarks": ["GemsFDTD"], "time": "10:49", "date": "18-04-04", "id": "1522853388179"}, {"sim_name": "FromL2-SP-R1B-COMPRATE-NOCONTENT-1CORE-NEW.ddr4-3200", "description": "base,all,8cores,200M,fixed_energy_re", "id": "1522857039917", "benchmarks": ["mix1", "mix2", "mix3", "mix4", "GemsFDTD", "omnetpp", "soplex", "mcf", "lbm", "libquantum", "milc", "leslie3d", "sphinx3", "astar", "h264ref", "sjeng", "cactusADM", "zeusmp", "bwaves", "gcc", "bzip2", "xalancbmk", "bfs.road", "bfs.web", "bfs.kron", "bfs.urand", "bfs.twitter", "bc.road", "bc.web", "bc.kron", "bc.urand", "bc.twitter", "pr.road", "pr.web", "pr.kron", "pr.urand", "pr.twitter", "rand", "seq"], "time": "11:50", "date": "18-04-04", "options": ["numPCHs1"]}, {"sim_name": "FromL2-SP-R1B-COMPRATE-NOCONTENT-1CORE-NEW.ddr4-3200", "description": "ideal,all,8cores,200M,fixed_energy_re", "options": ["metadata_predictor0"], "benchmarks": ["mix1", "mix2", "mix3", "mix4", "GemsFDTD", "omnetpp", "soplex", "mcf", "lbm", "libquantum", "milc", "leslie3d", "sphinx3", "astar", "h264ref", "sjeng", "cactusADM", "zeusmp", "bwaves", "gcc", "bzip2", "xalancbmk", "bfs.road", "bfs.web", "bfs.kron", "bfs.urand", "bfs.twitter", "bc.road", "bc.web", "bc.kron", "bc.urand", "bc.twitter", "pr.road", "pr.web", "pr.kron", "pr.urand", "pr.twitter", "rand", "seq"], "time": "11:50", "date": "18-04-04", "id": "1522857048070"}, {"sim_name": "FromL2-SP-R1B-COMPRATE-NOCONTENT-1CORE-NEW.ddr4-3200", "description": "metacache,all,8cores,200M,fixed_energy_re", "id": "1522857054857", "benchmarks": ["mix1", "mix2", "mix3", "mix4", "GemsFDTD", "omnetpp", "soplex", "mcf", "lbm", "libquantum", "milc", "leslie3d", "sphinx3", "astar", "h264ref", "sjeng", "cactusADM", "zeusmp", "bwaves", "gcc", "bzip2", "xalancbmk", "bfs.road", "bfs.web", "bfs.kron", "bfs.urand", "bfs.twitter", "bc.road", "bc.web", "bc.kron", "bc.urand", "bc.twitter", "pr.road", "pr.web", "pr.kron", "pr.urand", "pr.twitter", "rand", "seq"], "time": "11:50", "date": "18-04-04", "options": ["metacache_rownum1024", "metacache_rownum2048", "metacache_rownum4096", "metacache_rownum8192"]}, {"sim_name": "FromL2-SP-R1B-COMPRATE-NOCONTENT-1CORE-NEW.ddr4-3200", "description": "attache,rownum,all,8cores,200M,fixed_energy_re", "options": ["ropr_entry_num8192", "ropr_entry_num16384", "ropr_entry_num32768", "ropr_entry_num65536"], "benchmarks": ["mix1", "mix2", "mix3", "mix4", "GemsFDTD", "omnetpp", "soplex", "mcf", "lbm", "libquantum", "milc", "leslie3d", "sphinx3", "astar", "h264ref", "sjeng", "cactusADM", "zeusmp", "bwaves", "gcc", "bzip2", "xalancbmk", "bfs.road", "bfs.web", "bfs.kron", "bfs.urand", "bfs.twitter", "bc.road", "bc.web", "bc.kron", "bc.urand", "bc.twitter", "pr.road", "pr.web", "pr.kron", "pr.urand", "pr.twitter", "rand", "seq"], "time": "11:51", "date": "18-04-04", "id": "1522857083964"}, {"sim_name": "FromL2-SP-R1B-COMPRATE-NOCONTENT-1CORE-NEW.ddr4-3200", "description": "attache,colnum,all,8cores,200M,fixed_energy_re", "id": "1522857112490", "benchmarks": ["mix1", "mix2", "mix3", "mix4", "GemsFDTD", "omnetpp", "soplex", "mcf", "lbm", "libquantum", "milc", "leslie3d", "sphinx3", "astar", "h264ref", "sjeng", "cactusADM", "zeusmp", "bwaves", "gcc", "bzip2", "xalancbmk", "bfs.road", "bfs.web", "bfs.kron", "bfs.urand", "bfs.twitter", "bc.road", "bc.web", "bc.kron", "bc.urand", "bc.twitter", "pr.road", "pr.web", "pr.kron", "pr.urand", "pr.twitter", "rand", "seq"], "time": "11:51", "date": "18-04-04", "options": ["ropr_col_num1", "ropr_col_num2", "ropr_col_num4", "ropr_col_num8"]}, {"sim_name": "FromL2-SP-R1B-COMPRATE-NOCONTENT-1CORE-NEW.ddr4-3200", "description": "attache,global,all,8cores,200M,fixed_energy_re", "options": ["global_entry_num0", "global_entry_num2", "global_entry_num8", "global_entry_num16", "global_entry_num64"], "benchmarks": ["GemsFDTD", "omnetpp", "soplex", "mcf", "lbm", "libquantum", "milc", "leslie3d", "sphinx3", "astar", "h264ref", "sjeng", "cactusADM", "zeusmp", "bwaves", "gcc", "bzip2", "xalancbmk", "mix1", "mix2", "mix3", "bfs.road", "bfs.web", "bfs.kron", "bfs.urand", "bfs.twitter", "bc.road", "bc.web", "bc.kron", "bc.urand", "bc.twitter", "pr.road", "pr.web", "pr.kron", "pr.urand", "pr.twitter", "rand", "seq"], "time": "02:10", "date": "18-04-05", "id": "1522908620524"}, {"sim_name": "FromL2-SP-R1B-COMPRATE-NOCONTENT-1CORE-NEW.ddr4-3200", "description": "attache,colnum,all,8cores,200M,fixed_energy_re,more fine-grained", "id": "1522909641854", "benchmarks": ["mix1", "mix2", "mix3", "mix4", "GemsFDTD", "omnetpp", "soplex", "mcf", "lbm", "libquantum", "milc", "leslie3d", "sphinx3", "astar", "h264ref", "sjeng", "cactusADM", "zeusmp", "bwaves", "gcc", "bzip2", "xalancbmk", "bfs.road", "bfs.web", "bfs.kron", "bfs.urand", "bfs.twitter", "bc.road", "bc.web", "bc.kron", "bc.urand", "bc.twitter", "pr.road", "pr.web", "pr.kron", "pr.urand", "pr.twitter", "rand", "seq"], "time": "02:27", "date": "18-04-05", "options": ["ropr_col_num8", "ropr_col_num16", "ropr_col_num32", "ropr_col_num64"]}, {"sim_name": "FromL2-SP-R1B-COMPRATE-NOCONTENT-1CORE-NEW.ddr4-3200", "description": "mcache_repl,spec,8cores,200M,new_simpoint,trace_memctrl,rand_page", "options": ["metacache_rpl_policy0", "metacache_rpl_policy1", "metacache_rpl_policy3", "metacache_rpl_policy4", "metacache_rpl_policy5"], "benchmarks": ["mix1", "mix2", "mix3", "mix4", "GemsFDTD", "omnetpp", "soplex", "mcf", "lbm", "libquantum", "milc", "leslie3d", "sphinx3", "astar", "h264ref", "sjeng", "cactusADM", "zeusmp", "bwaves", "gcc", "bzip2", "xalancbmk", "bfs.road", "bfs.web", "bfs.kron", "bfs.urand", "bfs.twitter", "bc.road", "bc.web", "bc.kron", "bc.urand", "bc.twitter", "pr.road", "pr.web", "pr.kron", "pr.urand", "pr.twitter", "rand", "seq"], "time": "12:58", "date": "18-04-05", "id": "1522947515637"}, {"sim_name": "FromL2-SP-R1B-COMPRATE-NOCONTENT-1CORE-NEW.ddr4-3200", "description": "metacache,test", "id": "1522964097328", "benchmarks": ["mix1", "mix2", "mix3", "mix4", "GemsFDTD", "omnetpp", "soplex", "mcf", "lbm", "libquantum", "milc", "leslie3d", "sphinx3", "astar", "h264ref", "sjeng", "cactusADM", "zeusmp", "bwaves", "gcc", "bzip2", "xalancbmk", "bfs.road", "bfs.web", "bfs.kron", "bfs.urand", "bfs.twitter", "bc.road", "bc.web", "bc.kron", "bc.urand", "bc.twitter", "pr.road", "pr.web", "pr.kron", "pr.urand", "pr.twitter", "rand", "seq"], "time": "17:34", "date": "18-04-05", "options": ["metacache_rownum1024", "metacache_rownum2048", "metacache_rownum4096", "metacache_rownum8192"]}, {"sim_name": "FromL2-SP-R1B-COMPRATE-NOCONTENT-1CORE-NEW.ddr4-3200", "description": "test, metacache", "options": ["metacache_rownum1024", "metacache_rownum2048", "metacache_rownum4096", "metacache_rownum8192"], "benchmarks": ["mix1", "mix2", "mix3", "mix4", "GemsFDTD", "omnetpp", "soplex", "mcf", "lbm", "libquantum", "milc", "leslie3d", "sphinx3", "astar", "h264ref", "sjeng", "cactusADM", "zeusmp", "bwaves", "gcc", "bzip2", "xalancbmk", "bfs.road", "bfs.web", "bfs.kron", "bfs.urand", "bfs.twitter", "bc.road", "bc.web", "bc.kron", "bc.urand", "bc.twitter", "pr.road", "pr.web", "pr.kron", "pr.urand", "pr.twitter", "rand", "seq"], "time": "17:49", "date": "18-04-05", "id": "1522964967158"}, {"sim_name": "FromL2-SP-R1B-COMPRATE-NOCONTENT-1CORE-NEW.ddr4-3200", "description": "mcache_repl,spec,8cores,200M,new_simpoint,trace_memctrl,rand_page,metacache_dirty_evict", "id": "1522965866606", "benchmarks": ["mix1", "mix2", "mix3", "mix4", "GemsFDTD", "omnetpp", "soplex", "mcf", "lbm", "libquantum", "milc", "leslie3d", "sphinx3", "astar", "h264ref", "sjeng", "cactusADM", "zeusmp", "bwaves", "gcc", "bzip2", "xalancbmk", "bfs.road", "bfs.web", "bfs.kron", "bfs.urand", "bfs.twitter", "bc.road", "bc.web", "bc.kron", "bc.urand", "bc.twitter", "pr.road", "pr.web", "pr.kron", "pr.urand", "pr.twitter", "rand", "seq"], "time": "18:04", "date": "18-04-05", "options": ["metacache_rpl_policy0", "metacache_rpl_policy1", "metacache_rpl_policy3", "metacache_rpl_policy4", "metacache_rpl_policy5"]}, {"sim_name": "FromL2-SP-R1B-COMPRATE-NOCONTENT-1CORE-NEW.ddr4-3200", "description": "metacache,all,8cores,200M,fixed_energy_re,metacache_dirty_evict", "options": ["metacache_rownum1024", "metacache_rownum2048", "metacache_rownum4096", "metacache_rownum8192"], "benchmarks": ["mix1", "mix2", "mix3", "mix4", "GemsFDTD", "omnetpp", "soplex", "mcf", "lbm", "libquantum", "milc", "leslie3d", "sphinx3", "astar", "h264ref", "sjeng", "cactusADM", "zeusmp", "bwaves", "gcc", "bzip2", "xalancbmk", "bfs.road", "bfs.web", "bfs.kron", "bfs.urand", "bfs.twitter", "bc.road", "bc.web", "bc.kron", "bc.urand", "bc.twitter", "pr.road", "pr.web", "pr.kron", "pr.urand", "pr.twitter", "rand", "seq"], "time": "18:04", "date": "18-04-05", "id": "1522965899887"}, {"sim_name": "FromL2-SP-R1B-COMPRATE-NOCONTENT-1CORE-NEW.ddr4-3200", "description": "metacache,all,8cores,200M,fixed_energy_re,metacache_dirty_evict,corrected energy model", "id": "1523015440644", "benchmarks": ["mix1", "mix2", "mix3", "mix4", "GemsFDTD", "omnetpp", "soplex", "mcf", "lbm", "libquantum", "milc", "leslie3d", "sphinx3", "astar", "h264ref", "sjeng", "cactusADM", "zeusmp", "bwaves", "gcc", "bzip2", "xalancbmk", "bfs.road", "bfs.web", "bfs.kron", "bfs.urand", "bfs.twitter", "bc.road", "bc.web", "bc.kron", "bc.urand", "bc.twitter", "pr.road", "pr.web", "pr.kron", "pr.urand", "pr.twitter", "rand", "seq"], "time": "07:50", "date": "18-04-06", "options": ["metacache_rownum1024", "metacache_rownum2048", "metacache_rownum4096", "metacache_rownum8192"]}, {"sim_name": "FromL2-SP-R1B-COMPRATE-NOCONTENT-1CORE-NEW.ddr4-3200", "description": "attache,8cores,rownum2", "options": ["ropr_entry_num1024", "ropr_entry_num2048"], "benchmarks": ["mix1", "mix2", "mix3", "mix4", "GemsFDTD", "omnetpp", "soplex", "mcf", "lbm", "libquantum", "milc", "leslie3d", "sphinx3", "astar", "h264ref", "sjeng", "cactusADM", "zeusmp", "bwaves", "gcc", "bzip2", "xalancbmk", "bfs.road", "bfs.web", "bfs.kron", "bfs.urand", "bfs.twitter", "bc.road", "bc.web", "bc.kron", "bc.urand", "bc.twitter", "pr.road", "pr.web", "pr.kron", "pr.urand", "pr.twitter", "rand", "seq"], "time": "10:07", "date": "18-04-06", "id": "1523023660923"}, {"sim_name": "FromL2-SP-R1B-COMPRATE-NOCONTENT-1CORE-NEW.ddr4-3200", "description": "attache,colnum,row2048", "id": "1523023766205", "benchmarks": ["mix1", "mix2", "mix3", "mix4", "GemsFDTD", "omnetpp", "soplex", "mcf", "lbm", "libquantum", "milc", "leslie3d", "sphinx3", "astar", "h264ref", "sjeng", "cactusADM", "zeusmp", "bwaves", "gcc", "bzip2", "xalancbmk", "bfs.road", "bfs.web", "bfs.kron", "bfs.urand", "bfs.twitter", "bc.road", "bc.web", "bc.kron", "bc.urand", "bc.twitter", "pr.road", "pr.web", "pr.kron", "pr.urand", "pr.twitter", "rand", "seq"], "time": "10:09", "date": "18-04-06", "options": ["ropr_col_num1", "ropr_col_num4", "ropr_col_num8", "ropr_col_num16", "ropr_col_num32", "ropr_col_num64"]}, {"sim_name": "FromL2-SP-R1B-COMPRATE-NOCONTENT-1CORE-NEW.ddr4-3200", "description": "attache, ropr_rownum very small", "options": ["ropr_entry_num64", "ropr_entry_num128", "ropr_entry_num256", "ropr_entry_num512"], "benchmarks": ["mix1", "mix2", "mix3", "mix4", "GemsFDTD", "omnetpp", "soplex", "mcf", "lbm", "libquantum", "milc", "leslie3d", "sphinx3", "astar", "h264ref", "sjeng", "cactusADM", "zeusmp", "bwaves", "gcc", "bzip2", "xalancbmk", "bfs.road", "bfs.web", "bfs.kron", "bfs.urand", "bfs.twitter", "bc.road", "bc.web", "bc.kron", "bc.urand", "bc.twitter", "pr.road", "pr.web", "pr.kron", "pr.urand", "pr.twitter", "rand", "seq"], "time": "17:05", "date": "18-04-06", "id": "1523048725207"}, {"sim_name": "FromL2-SP-R1B-COMPRATE-NOCONTENT-1CORE-NEW.ddr4-3200", "description": "sphinx3_test_base", "id": "1530502660342", "benchmarks": ["sphinx3"], "time": "23:37", "date": "18-07-01", "options": ["metacache_rownum8192"]}, {"sim_name": "FromL2-SP-R1B-COMPRATE-NOCONTENT-1CORE-NEW.ddr4-3200", "description": "sphinx3_test_attache", "options": ["metacache_rownum8192"], "benchmarks": ["sphinx3"], "time": "23:37", "date": "18-07-01", "id": "1530502677400"}, {"sim_name": "FromL2-SP-R1B-COMPRATE-NOCONTENT-1CORE-NEW.ddr4-3200", "description": "attache,all,8cores,200M,no_predictor", "id": "1530563872352", "benchmarks": ["GemsFDTD", "omnetpp", "soplex", "mcf", "lbm", "libquantum", "milc", "leslie3d", "sphinx3", "astar", "h264ref", "sjeng", "cactusADM", "zeusmp", "bwaves", "gcc", "bzip2", "xalancbmk", "mix1", "mix2", "mix3", "bfs.road", "bfs.web", "bfs.kron", "bfs.urand", "bfs.twitter", "bc.road", "bc.web", "bc.kron", "bc.urand", "bc.twitter", "pr.road", "pr.web", "pr.kron", "pr.urand", "pr.twitter", "rand", "seq"], "time": "16:37", "date": "18-07-02", "options": ["metadata_predictor4"]}]}